Id,Change_Log_Entry__c,Description__c,Entity__c,HierarchyCapability__c,HierarchyEpic__c,HierarchyFeature__c,HierarchyPath__c,HierarchyProgram__c,HierarchyProject__c,HierarchySort__c,Hierarchy_Sort_Number__c,KBCAN__c,KBCard_ID__c,Name,KBCExtID__c,Level__c,Level_Number__c,LineDisplay__c,ParentKBCard__c,ParentKBCard__r.KBCAN__c,Parent_Level_Allowed__c,RecordTypeId,Status__c,Type__c,Change_Log_Entry__r.CLExtID__c,HierarchyCapability__r.KBCExtID__c,HierarchyEpic__r.KBCExtID__c,HierarchyFeature__r.KBCExtID__c,HierarchyProgram__r.KBCExtID__c,HierarchyProject__r.KBCExtID__c,ParentKBCard__r.KBCExtID__c,RecordType.$$DeveloperName$NamespacePrefix$SobjectType
a015e00000RoupaAAB,,,,,,,,,,PRG-000001,,00000001,PRG00000001,SFLL,PRG-000001,1,,,,,0,0125e000001mxoQAAQ,1-Backlog,NA,,,,,,,,Program;KBCard__c
a015e00000U1UzCAAV,,,Imo Enterprises (IE),a015e00000RpMlmAAF,a015e00000U1UvrAAF,a015e00000U1VENAA3,,a015e00000RoupaAAB,a015e00000RouppAAB,PRG-000001SFLL-000006IE_S-001EPC00000084FEA00000102STO00000099,,00000099,STO00000099,Chart of Account Type Reports,STO00000099,6,,,a015e00000U1VENAA3,00000102,5,0125e000001mxoSAAQ,1-Backlog,NA,,IE_S-001,EPC00000084,FEA00000102,PRG-000001,SFLL-000006,FEA00000102,Story;KBCard__c
a015e00000U1VEpAAN,,,Imo Enterprises (IE),a015e00000RpMlmAAF,a015e00000U1UvwAAF,a015e00000U1UzBAAV,,a015e00000RoupaAAB,a015e00000RouppAAB,PRG-000001SFLL-000006IE_S-001EPC00000085FEA00000091STO00000105,,00000105,STO00000105,Balance Sheet Dashboard,STO00000105,6,,,a015e00000U1UzBAAV,00000091,5,0125e000001mxoSAAQ,1-Backlog,NA,,IE_S-001,EPC00000085,FEA00000091,PRG-000001,SFLL-000006,FEA00000091,Story;KBCard__c
a015e00000U1VEoAAN,,,Imo Enterprises (IE),a015e00000RpMlmAAF,a015e00000U1UvrAAF,a015e00000U1VENAA3,,a015e00000RoupaAAB,a015e00000RouppAAB,PRG-000001SFLL-000006IE_S-001EPC00000084FEA00000102STO00000104,,00000104,STO00000104,Chart of Accounts Reports,STO00000104,6,,,a015e00000U1VENAA3,00000102,5,0125e000001mxoSAAQ,1-Backlog,NA,,IE_S-001,EPC00000084,FEA00000102,PRG-000001,SFLL-000006,FEA00000102,Story;KBCard__c
a015e00000U1VEnAAN,,,Imo Enterprises (IE),a015e00000RpMlmAAF,a015e00000U1UvrAAF,a015e00000U1VENAA3,,a015e00000RoupaAAB,a015e00000RouppAAB,PRG-000001SFLL-000006IE_S-001EPC00000084FEA00000102STO00000103,,00000103,STO00000103,Chart of Accounts Records,STO00000103,6,,,a015e00000U1VENAA3,00000102,5,0125e000001mxoSAAQ,1-Backlog,NA,,IE_S-001,EPC00000084,FEA00000102,PRG-000001,SFLL-000006,FEA00000102,Story;KBCard__c
a015e00000U1V4tAAF,,,Imo Enterprises (IE),a015e00000RpMlmAAF,a015e00000U1UvrAAF,a015e00000U1UykAAF,,a015e00000RoupaAAB,a015e00000RouppAAB,PRG-000001SFLL-000006IE_S-001EPC00000084FEA00000090STO00000101,,00000101,STO00000101,Chart of Accounts UI & List,STO00000101,6,,,a015e00000U1UykAAF,00000090,5,0125e000001mxoSAAQ,1-Backlog,NA,,IE_S-001,EPC00000084,FEA00000090,PRG-000001,SFLL-000006,FEA00000090,Story;KBCard__c
a015e00000RouppAAB,,,Imo Enterprises (IE),,,,,a015e00000RoupaAAB,,PRG-000001SFLL-000006,,00000007,PRJ00000007,IE_S,SFLL-000006,2,,,a015e00000RoupaAAB,00000001,1,0125e000001mxoRAAQ,2-In Progress,Software,,,,,PRG-000001,,PRG-000001,Project;KBCard__c
a015e00000U1UykAAF,a005e00000KyCINAA3,,Imo Enterprises (IE),a015e00000RpMlmAAF,a015e00000U1UvrAAF,,,a015e00000RoupaAAB,a015e00000RouppAAB,PRG-000001SFLL-000006IE_S-001EPC00000084FEA00000090,,00000090,FEA00000090,"Chart of Accounts Object, UI, & List",FEA00000090,5,,,a015e00000U1UvrAAF,00000084,4,0125e000001mxoPAAQ,1-Backlog,NA,CLExtID-0015,IE_S-001,EPC00000084,,PRG-000001,SFLL-000006,EPC00000084,Feature;KBCard__c
a015e00000U1V3WAAV,a005e00000E4J1vAAF,,Imo Enterprises (IE),a015e00000RpMlmAAF,a015e00000U1UvrAAF,a015e00000U1VENAA3,,a015e00000RoupaAAB,a015e00000RouppAAB,PRG-000001SFLL-000006IE_S-001EPC00000084FEA00000102STO00000098,,00000098,STO00000098,Chart of Account Types Records,STO00000098,6,,,a015e00000U1VENAA3,00000102,5,0125e000001mxoSAAQ,3-Completed,NA,CLExtID-0012,IE_S-001,EPC00000084,FEA00000102,PRG-000001,SFLL-000006,FEA00000102,Story;KBCard__c
a015e00000U1UzBAAV,,,Imo Enterprises (IE),a015e00000RpMlmAAF,a015e00000U1UvwAAF,,,a015e00000RoupaAAB,a015e00000RouppAAB,PRG-000001SFLL-000006IE_S-001EPC00000085FEA00000091,,00000091,FEA00000091,Balance Sheet Dashboard & Reports,FEA00000091,5,,,a015e00000U1UvwAAF,00000085,4,0125e000001mxoPAAQ,1-Backlog,NA,,IE_S-001,EPC00000085,,PRG-000001,SFLL-000006,EPC00000085,Feature;KBCard__c
a015e00000U1V4eAAF,a005e00000Ky9xPAAR,,Imo Enterprises (IE),a015e00000RpMlmAAF,a015e00000U1UvrAAF,a015e00000U1UykAAF,,a015e00000RoupaAAB,a015e00000RouppAAB,PRG-000001SFLL-000006IE_S-001EPC00000084FEA00000090STO00000100,,00000100,STO00000100,Chart of Account Object & Record Type,STO00000100,6,,,a015e00000U1UykAAF,00000090,5,0125e000001mxoSAAQ,1-Backlog,NA,CLExtID-0014,IE_S-001,EPC00000084,FEA00000090,PRG-000001,SFLL-000006,FEA00000090,Story;KBCard__c
a015e00000U1UvwAAF,,,Imo Enterprises (IE),a015e00000RpMlmAAF,,,,a015e00000RoupaAAB,a015e00000RouppAAB,PRG-000001SFLL-000006IE_S-001EPC00000085,,00000085,EPC00000085,Balance Sheet,EPC00000085,4,,,a015e00000RpMlmAAF,00000029,3,0125e000001mxoOAAQ,1-Backlog,NA,,IE_S-001,,,PRG-000001,SFLL-000006,IE_S-001,Epic;KBCard__c
a015e00000U1UvxAAF,,,Imo Enterprises (IE),a015e00000RpMlmAAF,,,,a015e00000RoupaAAB,a015e00000RouppAAB,PRG-000001SFLL-000006IE_S-001EPC00000086,,00000086,EPC00000086,Profit & Loss Statement,EPC00000086,4,,,a015e00000RpMlmAAF,00000029,3,0125e000001mxoOAAQ,1-Backlog,NA,,IE_S-001,,,PRG-000001,SFLL-000006,IE_S-001,Epic;KBCard__c
a015e00000U1VH2AAN,,,Imo Enterprises (IE),a015e00000RpMlmAAF,a015e00000U1UvxAAF,a015e00000U1UzQAAV,,a015e00000RoupaAAB,a015e00000RouppAAB,PRG-000001SFLL-000006IE_S-001EPC00000086FEA00000092STO00000111,,00000111,STO00000111,Profit & Loss Revenue Report,STO00000111,6,,,a015e00000U1UzQAAV,00000092,5,0125e000001mxoSAAQ,1-Backlog,NA,,IE_S-001,EPC00000086,FEA00000092,PRG-000001,SFLL-000006,FEA00000092,Story;KBCard__c
a015e00000U1VH3AAN,,,Imo Enterprises (IE),a015e00000RpMlmAAF,a015e00000U1UvxAAF,a015e00000U1UzQAAV,,a015e00000RoupaAAB,a015e00000RouppAAB,PRG-000001SFLL-000006IE_S-001EPC00000086FEA00000092STO00000113,,00000113,STO00000113,Profit & Loss Operating Expenses Report,STO00000113,6,,,a015e00000U1UzQAAV,00000092,5,0125e000001mxoSAAQ,1-Backlog,NA,,IE_S-001,EPC00000086,FEA00000092,PRG-000001,SFLL-000006,FEA00000092,Story;KBCard__c
a015e00000U1VH4AAN,,,Imo Enterprises (IE),a015e00000RpMlmAAF,a015e00000U1UvxAAF,a015e00000U1UzQAAV,,a015e00000RoupaAAB,a015e00000RouppAAB,PRG-000001SFLL-000006IE_S-001EPC00000086FEA00000092STO00000114,,00000114,STO00000114,Profit & Loss Taxes Paid Report,STO00000114,6,,,a015e00000U1UzQAAV,00000092,5,0125e000001mxoSAAQ,1-Backlog,NA,,IE_S-001,EPC00000086,FEA00000092,PRG-000001,SFLL-000006,FEA00000092,Story;KBCard__c
a015e00000U1VIOAA3,,,Imo Enterprises (IE),a015e00000RpMlmAAF,a015e00000U1RAeAAN,a015e00000U1UzrAAF,,a015e00000RoupaAAB,a015e00000RouppAAB,PRG-000001SFLL-000006IE_S-001EPC00000087FEA00000093STO00000118,,00000118,STO00000118,Transaction UI & List,STO00000118,6,,,a015e00000U1UzrAAF,00000093,5,0125e000001mxoSAAQ,1-Backlog,NA,,IE_S-001,EPC00000087,FEA00000093,PRG-000001,SFLL-000006,FEA00000093,Story;KBCard__c
a015e00000U1VEqAAN,,,Imo Enterprises (IE),a015e00000RpMlmAAF,a015e00000U1UvwAAF,a015e00000U1UzBAAV,,a015e00000RoupaAAB,a015e00000RouppAAB,PRG-000001SFLL-000006IE_S-001EPC00000085FEA00000091STO00000106,,00000106,STO00000106,Balance Sheet Assets Report,STO00000106,6,,,a015e00000U1UzBAAV,00000091,5,0125e000001mxoSAAQ,1-Backlog,NA,,IE_S-001,EPC00000085,FEA00000091,PRG-000001,SFLL-000006,FEA00000091,Story;KBCard__c
a015e00000U1VErAAN,,,Imo Enterprises (IE),a015e00000RpMlmAAF,a015e00000U1UvwAAF,a015e00000U1UzBAAV,,a015e00000RoupaAAB,a015e00000RouppAAB,PRG-000001SFLL-000006IE_S-001EPC00000085FEA00000091STO00000107,,00000107,STO00000107,Balance Sheet Liabilities Report,STO00000107,6,,,a015e00000U1UzBAAV,00000091,5,0125e000001mxoSAAQ,1-Backlog,NA,,IE_S-001,EPC00000085,FEA00000091,PRG-000001,SFLL-000006,FEA00000091,Story;KBCard__c
a015e00000U1VHNAA3,,,Imo Enterprises (IE),a015e00000RpMlmAAF,a015e00000U1UvxAAF,a015e00000U1UzQAAV,,a015e00000RoupaAAB,a015e00000RouppAAB,PRG-000001SFLL-000006IE_S-001EPC00000086FEA00000092STO00000112,,00000112,STO00000112,Profit & Loss Cost of Goods Sold Report,STO00000112,6,,,a015e00000U1UzQAAV,00000092,5,0125e000001mxoSAAQ,1-Backlog,NA,,IE_S-001,EPC00000086,FEA00000092,PRG-000001,SFLL-000006,FEA00000092,Story;KBCard__c
a015e00000U1VGsAAN,,,Imo Enterprises (IE),a015e00000RpMlmAAF,a015e00000U1UvxAAF,a015e00000U1UzQAAV,,a015e00000RoupaAAB,a015e00000RouppAAB,PRG-000001SFLL-000006IE_S-001EPC00000086FEA00000092STO00000110,,00000110,STO00000110,Profit & Loss Dashboard,STO00000110,6,,,a015e00000U1UzQAAV,00000092,5,0125e000001mxoSAAQ,1-Backlog,NA,,IE_S-001,EPC00000086,FEA00000092,PRG-000001,SFLL-000006,FEA00000092,Story;KBCard__c
a015e00000Rr68qAAB,a005e000008z52gAAA,,Imo Enterprises (IE),a015e00000RpMl5AAF,a015e00000RpMl6AAF,a015e00000RpMlvAAF,,a015e00000RoupaAAB,a015e00000RouppAAB,PRG-000001SFLL-000006IE_S-007IESPM-0002IESPMF-0003STO00000081,,00000081,STO00000081,KBCard After Update Trigger,STO00000081,6,,,a015e00000RpMlvAAF,00000039,5,0125e000001mxoSAAQ,3-Completed,NA,CLExtID-0007,IE_S-007,IESPM-0002,IESPMF-0003,PRG-000001,SFLL-000006,IESPMF-0003,Story;KBCard__c
a015e00000U1VENAA3,,,Imo Enterprises (IE),a015e00000RpMlmAAF,a015e00000U1UvrAAF,,,a015e00000RoupaAAB,a015e00000RouppAAB,PRG-000001SFLL-000006IE_S-001EPC00000084FEA00000102,,00000102,FEA00000102,Chart of Accounts Records & Reports,FEA00000102,5,,,a015e00000U1UvrAAF,00000084,4,0125e000001mxoPAAQ,1-Backlog,NA,,IE_S-001,EPC00000084,,PRG-000001,SFLL-000006,EPC00000084,Feature;KBCard__c
a015e00000U1VIDAA3,,,Imo Enterprises (IE),a015e00000RpMlmAAF,a015e00000U1RAeAAN,a015e00000U1UzrAAF,,a015e00000RoupaAAB,a015e00000RouppAAB,PRG-000001SFLL-000006IE_S-001EPC00000087FEA00000093STO00000117,,00000117,STO00000117,Transactions Object & Record Types,STO00000117,6,,,a015e00000U1UzrAAF,00000093,5,0125e000001mxoSAAQ,1-Backlog,NA,,IE_S-001,EPC00000087,FEA00000093,PRG-000001,SFLL-000006,FEA00000093,Story;KBCard__c
a015e00000U1VIEAA3,,,Imo Enterprises (IE),a015e00000RpMlmAAF,a015e00000U1RAeAAN,a015e00000U1V2CAAV,,a015e00000RoupaAAB,a015e00000RouppAAB,PRG-000001SFLL-000006IE_S-001EPC00000087FEA00000094STO00000120,,00000120,STO00000120,Transactions Reports,STO00000120,6,,,a015e00000U1V2CAAV,00000094,5,0125e000001mxoSAAQ,1-Backlog,NA,,IE_S-001,EPC00000087,FEA00000094,PRG-000001,SFLL-000006,FEA00000094,Story;KBCard__c
a015e00000U1VIFAA3,,,Imo Enterprises (IE),a015e00000RpMlmAAF,a015e00000U1RAeAAN,a015e00000U1UzsAAF,,a015e00000RoupaAAB,a015e00000RouppAAB,PRG-000001SFLL-000006IE_S-001EPC00000087FEA00000095STO00000121,,00000121,STO00000121,Transactions Apex,STO00000121,6,,,a015e00000U1UzsAAF,00000095,5,0125e000001mxoSAAQ,1-Backlog,NA,,IE_S-001,EPC00000087,FEA00000095,PRG-000001,SFLL-000006,FEA00000095,Story;KBCard__c
a015e00000U1VEOAA3,,,Imo Enterprises (IE),a015e00000RpMlmAAF,a015e00000U1UvxAAF,a015e00000U1UzQAAV,,a015e00000RoupaAAB,a015e00000RouppAAB,PRG-000001SFLL-000006IE_S-001EPC00000086FEA00000092STO00000115,,00000115,STO00000115,Profit & Loss Other Expenses Report,STO00000115,6,,,a015e00000U1UzQAAV,00000092,5,0125e000001mxoSAAQ,1-Backlog,NA,,IE_S-001,EPC00000086,FEA00000092,PRG-000001,SFLL-000006,FEA00000092,Story;KBCard__c
a015e00000U1VEPAA3,,,Imo Enterprises (IE),a015e00000RpMlmAAF,a015e00000U1UvxAAF,a015e00000U1UzQAAV,,a015e00000RoupaAAB,a015e00000RouppAAB,PRG-000001SFLL-000006IE_S-001EPC00000086FEA00000092STO00000116,,00000116,STO00000116,Profit & Loss Master Report,STO00000116,6,,,a015e00000U1UzQAAV,00000092,5,0125e000001mxoSAAQ,1-Backlog,NA,,IE_S-001,EPC00000086,FEA00000092,PRG-000001,SFLL-000006,FEA00000092,Story;KBCard__c
a015e00000U1VGBAA3,,,Imo Enterprises (IE),a015e00000RpMlmAAF,a015e00000U1UvwAAF,a015e00000U1UzBAAV,,a015e00000RoupaAAB,a015e00000RouppAAB,PRG-000001SFLL-000006IE_S-001EPC00000085FEA00000091STO00000109,,00000109,STO00000109,Balance Sheet Master Report,STO00000109,6,,,a015e00000U1UzBAAV,00000091,5,0125e000001mxoSAAQ,1-Backlog,NA,,IE_S-001,EPC00000085,FEA00000091,PRG-000001,SFLL-000006,FEA00000091,Story;KBCard__c
a015e00000U1VGCAA3,,,Imo Enterprises (IE),a015e00000RpMlmAAF,a015e00000U1RAeAAN,a015e00000U1V2CAAV,,a015e00000RoupaAAB,a015e00000RouppAAB,PRG-000001SFLL-000006IE_S-001EPC00000087FEA00000094STO00000119,,00000119,STO00000119,Transactions Records,STO00000119,6,,,a015e00000U1V2CAAV,00000094,5,0125e000001mxoSAAQ,1-Backlog,NA,,IE_S-001,EPC00000087,FEA00000094,PRG-000001,SFLL-000006,FEA00000094,Story;KBCard__c
a015e00000U1VG0AAN,,,Imo Enterprises (IE),a015e00000RpMlmAAF,a015e00000U1UvwAAF,a015e00000U1UzBAAV,,a015e00000RoupaAAB,a015e00000RouppAAB,PRG-000001SFLL-000006IE_S-001EPC00000085FEA00000091STO00000108,,00000108,STO00000108,Balance Sheet Owners Equity Report,STO00000108,6,,,a015e00000U1UzBAAV,00000091,5,0125e000001mxoSAAQ,1-Backlog,NA,,IE_S-001,EPC00000085,FEA00000091,PRG-000001,SFLL-000006,FEA00000091,Story;KBCard__c
a015e00000U1UzsAAF,,,Imo Enterprises (IE),a015e00000RpMlmAAF,a015e00000U1RAeAAN,,,a015e00000RoupaAAB,a015e00000RouppAAB,PRG-000001SFLL-000006IE_S-001EPC00000087FEA00000095,,00000095,FEA00000095,Transactions Apex,FEA00000095,5,,,a015e00000U1RAeAAN,00000087,4,0125e000001mxoPAAQ,1-Backlog,NA,,IE_S-001,EPC00000087,,PRG-000001,SFLL-000006,EPC00000087,Feature;KBCard__c
a015e00000U1UzRAAV,a005e00000E4J1vAAF,,Imo Enterprises (IE),a015e00000RpMlmAAF,a015e00000U1UvrAAF,a015e00000U1UykAAF,,a015e00000RoupaAAB,a015e00000RouppAAB,PRG-000001SFLL-000006IE_S-001EPC00000084FEA00000090STO00000096,,00000096,STO00000096,Chart of Account Type Object & Record Types,STO00000096,6,,,a015e00000U1UykAAF,00000090,5,0125e000001mxoSAAQ,3-Completed,NA,CLExtID-0012,IE_S-001,EPC00000084,FEA00000090,PRG-000001,SFLL-000006,FEA00000090,Story;KBCard__c
a015e00000U1UzrAAF,,,Imo Enterprises (IE),a015e00000RpMlmAAF,a015e00000U1RAeAAN,,,a015e00000RoupaAAB,a015e00000RouppAAB,PRG-000001SFLL-000006IE_S-001EPC00000087FEA00000093,,00000093,FEA00000093,"Transactions Object, UI, & List",FEA00000093,5,,,a015e00000U1RAeAAN,00000087,4,0125e000001mxoPAAQ,1-Backlog,NA,,IE_S-001,EPC00000087,,PRG-000001,SFLL-000006,EPC00000087,Feature;KBCard__c
a015e00000U1UzQAAV,,,Imo Enterprises (IE),a015e00000RpMlmAAF,a015e00000U1UvxAAF,,,a015e00000RoupaAAB,a015e00000RouppAAB,PRG-000001SFLL-000006IE_S-001EPC00000086FEA00000092,,00000092,FEA00000092,Profit & Loss Dashboard & Reports,FEA00000092,5,,,a015e00000U1UvxAAF,00000086,4,0125e000001mxoPAAQ,1-Backlog,NA,,IE_S-001,EPC00000086,,PRG-000001,SFLL-000006,EPC00000086,Feature;KBCard__c
a015e00000U1UvrAAF,,,Imo Enterprises (IE),a015e00000RpMlmAAF,,,,a015e00000RoupaAAB,a015e00000RouppAAB,PRG-000001SFLL-000006IE_S-001EPC00000084,,00000084,EPC00000084,Chart of Accounts,EPC00000084,4,,,a015e00000RpMlmAAF,00000029,3,0125e000001mxoOAAQ,1-Backlog,NA,,IE_S-001,,,PRG-000001,SFLL-000006,IE_S-001,Epic;KBCard__c
a015e00000U1RAeAAN,,,Imo Enterprises (IE),a015e00000RpMlmAAF,,,,a015e00000RoupaAAB,a015e00000RouppAAB,PRG-000001SFLL-000006IE_S-001EPC00000087,,00000087,EPC00000087,Transactions,EPC00000087,4,,,a015e00000RpMlmAAF,00000029,3,0125e000001mxoOAAQ,1-Backlog,NA,,IE_S-001,,,PRG-000001,SFLL-000006,IE_S-001,Epic;KBCard__c
a015e00000U1qnjAAB,a005e00000E4pMKAAZ,,Imo Enterprises (IE),a015e00000RpMl5AAF,a015e00000RpMl6AAF,a015e00000RpMmQAAV,,a015e00000RoupaAAB,a015e00000RouppAAB,PRG-000001SFLL-000006IE_S-007IESPM-0002IESPMF-0002STO00000122,,00000122,STO00000122,KBCard Hierarchy Old Fashioned Way,STO00000122,6,,,a015e00000RpMmQAAV,00000041,5,0125e000001mxoSAAQ,3-Completed,NA,CLExtID-0013,IE_S-007,IESPM-0002,IESPMF-0002,PRG-000001,SFLL-000006,IESPMF-0002,Story;KBCard__c
a015e00000Zic0OAAR,a005e00000MZ8kUAAT,<p>New Lightning Page for LWC Testing &amp; Add to Menu</p><p>New Lightning Page for COA Transactions &amp; Add to Menu</p><p>LWC for transaction entry detail called COATEntryItem chart of account transaction entry item</p>,Imo Enterprises (IE),a015e00000RpMlmAAF,a015e00000U1RAeAAN,a015e00000U1UzrAAF,,a015e00000RoupaAAB,a015e00000RouppAAB,PRG-000001SFLL-000006IE_S-001EPC00000087FEA00000093STO00000900,,00000127,STO00000127,COA Transaction LWC & Lightning,STO00000900,6,,,a015e00000U1UzrAAF,00000093,5,0125e000001mxoSAAQ,1-Backlog,NA,CLExtID-0016,IE_S-001,EPC00000087,FEA00000093,PRG-000001,SFLL-000006,FEA00000093,Story;KBCard__c
a015e00000Rr9DDAAZ,,,Imo Enterprises (IE),a015e00000RpMl5AAF,a015e00000RpMl6AAF,a015e00000RpMlvAAF,,a015e00000RoupaAAB,a015e00000RouppAAB,PRG-000001SFLL-000006IE_S-007IESPM-0002IESPMF-0003STO00000082,,00000082,STO00000082,Visualforce page to show KBCard Hierarchy in Tree Format,STO00000082,6,,,a015e00000RpMlvAAF,00000039,5,0125e000001mxoSAAQ,1-Backlog,NA,,IE_S-007,IESPM-0002,IESPMF-0003,PRG-000001,SFLL-000006,IESPMF-0003,Story;KBCard__c
a015e00000ZibzuAAB,,,Imo Enterprises (IE),a015e00000RpMlmAAF,,,,a015e00000RoupaAAB,a015e00000RouppAAB,PRG-000001SFLL-000006IE_S-001EPC00000088,,00000124,EPC00000124,CRM Changes for Finance,EPC00000088,4,,,a015e00000RpMlmAAF,00000029,3,0125e000001mxoOAAQ,1-Backlog,NA,,IE_S-001,,,PRG-000001,SFLL-000006,IE_S-001,Epic;KBCard__c
a015e00000ZibzpAAB,a005e00000MZ8kUAAT,"<p><span style=""background-color: rgb(255, 255, 255); color: rgb(68, 68, 68);"">on coa transaction</span></p><p><span style=""background-color: rgb(255, 255, 255); color: rgb(68, 68, 68);"">-</span>remove account field </p><p><span style=""background-color: rgb(255, 255, 255); color: rgb(68, 68, 68);"">on transaction detail</span></p><p>-remove the COACredit &amp; COADebit </p><p>-add COA </p><p>-add account</p><p>-create a list view for LMCU</p><p><br></p>",Imo Enterprises (IE),a015e00000RpMlmAAF,a015e00000U1RAeAAN,a015e00000U1UzrAAF,,a015e00000RoupaAAB,a015e00000RouppAAB,PRG-000001SFLL-000006IE_S-001EPC00000087FEA00000093STO00000119,,00000123,STO00000123,Change Account & COA,STO00000119,6,,,a015e00000U1UzrAAF,00000093,5,0125e000001mxoSAAQ,2-In Progress,NA,CLExtID-0016,IE_S-001,EPC00000087,FEA00000093,PRG-000001,SFLL-000006,FEA00000093,Story;KBCard__c
a015e00000ZibzqAAB,,,Imo Enterprises (IE),a015e00000RpMlmAAF,a015e00000ZibzuAAB,,,a015e00000RoupaAAB,a015e00000RouppAAB,PRG-000001SFLL-000006IE_S-001EPC00000088FEA00000300,,00000125,FEA00000125,Account Changes for Finance,FEA00000300,5,,,a015e00000ZibzuAAB,00000124,4,0125e000001mxoPAAQ,1-Backlog,NA,,IE_S-001,EPC00000088,,PRG-000001,SFLL-000006,EPC00000088,Feature;KBCard__c
a015e00000ZibzzAAB,a005e00000MZ8kUAAT,<p>on account</p><p>-make new field Default COA</p><p>-make list view to only show accounts with COA</p><p>-Add LMCU record</p><p>-Add account to the menu</p>,Imo Enterprises (IE),a015e00000RpMlmAAF,a015e00000ZibzuAAB,a015e00000ZibzqAAB,,a015e00000RoupaAAB,a015e00000RouppAAB,PRG-000001SFLL-000006IE_S-001EPC00000088FEA00000300STO00000405,,00000126,STO00000126,Account - COA field and list,STO00000405,6,,,a015e00000ZibzqAAB,00000125,5,0125e000001mxoSAAQ,2-In Progress,NA,CLExtID-0016,IE_S-001,EPC00000088,FEA00000300,PRG-000001,SFLL-000006,FEA00000300,Story;KBCard__c
a015e00000RsAPTAA3,a005e0000090TGQAA2,"<p>Managed package on the app exchange:</p><p>https://appexchange.salesforce.com/appxListingDetail?listingId=a0N3A00000FR65wUAD</p><p><br></p><p>Steps to Install:</p><p><br></p><p>Steps to add to the KBCard Lightning Page:</p><p>in lightning page, use Custom - Managed&gt;AiflyHierarchyView</p><p>in properties on right</p><p>Hierarchy Field API Name is the parent field on KBCard</p><p>Hierarchy View column is Name </p><p>Record Link Behavior is New Tab</p><p>Sorting Order is ASC</p><p><br></p>",Imo Enterprises (IE),a015e00000RpMl5AAF,a015e00000RpMkvAAF,a015e00000RpMmLAAV,,a015e00000RoupaAAB,a015e00000RouppAAB,PRG-000001SFLL-000006IE_S-007IESPM-0001IESPMF-0001STO00000083,,00000083,STO00000083,Install Aifly Hierarchy View,STO00000083,6,,,a015e00000RpMmLAAV,00000040,5,0125e000001mxoSAAQ,3-Completed,NA,CLExtID-0009,IE_S-007,IESPM-0001,IESPMF-0001,PRG-000001,SFLL-000006,IESPMF-0001,Story;KBCard__c
a015e00000RpMk5AAF,,,Imo Enterprises (IE),,,,,a015e00000RoupaAAB,,PRG-000001SFLL-000003,,00000004,PRJ00000004,IE_SB,SFLL-000003,2,,,a015e00000RoupaAAB,00000001,1,0125e000001mxoRAAQ,1-Backlog,Site Build,,,,,PRG-000001,,PRG-000001,Project;KBCard__c
a015e00000RpMkpAAF,,,Imo Ice Cream & Goods (IG),,,,,a015e00000RoupaAAB,,PRG-000001SFLL-000017,,00000018,PRJ00000018,IG_OD,SFLL-000017,2,,,a015e00000RoupaAAB,00000001,1,0125e000001mxoRAAQ,1-Backlog,Operating Documents,,,,,PRG-000001,,PRG-000001,Project;KBCard__c
a015e00000RpMkoAAF,,,Imo Apartments (LL),,,,,a015e00000RoupaAAB,,PRG-000001SFLL-000010,,00000011,PRJ00000011,LL_L,SFLL-000010,2,,,a015e00000RoupaAAB,00000001,1,0125e000001mxoRAAQ,1-Backlog,Launch,,,,,PRG-000001,,PRG-000001,Project;KBCard__c
a015e00000RpMkqAAF,,,Imo Ice Cream & Goods (IG),,,,,a015e00000RoupaAAB,,PRG-000001SFLL-000018,,00000019,PRJ00000019,IG_S,SFLL-000018,2,,,a015e00000RoupaAAB,00000001,1,0125e000001mxoRAAQ,1-Backlog,Software,,,,,PRG-000001,,PRG-000001,Project;KBCard__c
a015e00000RpMkrAAF,,,Imo Coffee & Bookstore (CB),,,,,a015e00000RoupaAAB,,PRG-000001SFLL-000020,,00000021,PRJ00000021,CB_BP,SFLL-000020,2,,,a015e00000RoupaAAB,00000001,1,0125e000001mxoRAAQ,1-Backlog,Business Plan,,,,,PRG-000001,,PRG-000001,Project;KBCard__c
a015e00000RpMkjAAF,,,Imo Apartments (LL),,,,,a015e00000RoupaAAB,,PRG-000001SFLL-000011,,00000012,PRJ00000012,LL_OD,SFLL-000011,2,,,a015e00000RoupaAAB,00000001,1,0125e000001mxoRAAQ,1-Backlog,Operating Documents,,,,,PRG-000001,,PRG-000001,Project;KBCard__c
a015e00000RpMkkAAF,,,Imo Ice Cream & Goods (IG),,,,,a015e00000RoupaAAB,,PRG-000001SFLL-000015,,00000016,PRJ00000016,IG_SB,SFLL-000015,2,,,a015e00000RoupaAAB,00000001,1,0125e000001mxoRAAQ,1-Backlog,Site Build,,,,,PRG-000001,,PRG-000001,Project;KBCard__c
a015e00000RpMklAAF,,,Imo Ice Cream & Goods (IG),,,,,a015e00000RoupaAAB,,PRG-000001SFLL-000021,,00000022,PRJ00000022,CB_SB,SFLL-000021,2,,,a015e00000RoupaAAB,00000001,1,0125e000001mxoRAAQ,1-Backlog,Site Build,,,,,PRG-000001,,PRG-000001,Project;KBCard__c
a015e00000RpMkmAAF,,,Imo Coffee & Bookstore (CB),,,,,a015e00000RoupaAAB,,PRG-000001SFLL-000023,,00000024,PRJ00000024,CB_OD,SFLL-000023,2,,,a015e00000RoupaAAB,00000001,1,0125e000001mxoRAAQ,1-Backlog,Operating Documents,,,,,PRG-000001,,PRG-000001,Project;KBCard__c
a015e00000RpMkKAAV,,,Imo Enterprises (IE),,,,,a015e00000RoupaAAB,,PRG-000001SFLL-000007,,00000008,PRJ00000008,LL_R,SFLL-000007,2,,,a015e00000RoupaAAB,00000001,1,0125e000001mxoRAAQ,1-Backlog,Research,,,,,PRG-000001,,PRG-000001,Project;KBCard__c
a015e00000RpMkLAAV,,,Imo Apartments (LL),,,,,a015e00000RoupaAAB,,PRG-000001SFLL-000009,,00000010,PRJ00000010,LL_SB,SFLL-000009,2,,,a015e00000RoupaAAB,00000001,1,0125e000001mxoRAAQ,1-Backlog,Site Build,,,,,PRG-000001,,PRG-000001,Project;KBCard__c
a015e00000RpMmbAAF,,,Imo Enterprises (IE),a015e00000RpMl5AAF,a015e00000RpMluAAF,,,a015e00000RoupaAAB,a015e00000RouppAAB,PRG-000001SFLL-000006IE_S-007IESPM-0004IESPMF-0007,,00000046,FEA00000046,Imo Entities Object & UI,IESPMF-0007,5,,,a015e00000RpMluAAF,00000036,4,0125e000001mxoPAAQ,1-Backlog,NA,,IE_S-007,IESPM-0004,,PRG-000001,SFLL-000006,IESPM-0004,Feature;KBCard__c
a015e00000RpMnOAAV,,,Imo Enterprises (IE),a015e00000RpMl5AAF,a015e00000RpMl6AAF,a015e00000RpMmQAAV,,a015e00000RoupaAAB,a015e00000RouppAAB,PRG-000001SFLL-000006IE_S-007IESPM-0002IESPMF-0002IESPMS-0003,,00000049,STO00000049,SFLL Superuser,IESPMS-0003,6,,,a015e00000RpMmQAAV,00000041,5,0125e000001mxoSAAQ,1-Backlog,NA,,IE_S-007,IESPM-0002,IESPMF-0002,PRG-000001,SFLL-000006,IESPMF-0002,Story;KBCard__c
a015e00000RpMlrAAF,,,Imo Enterprises (IE),,,,,a015e00000RoupaAAB,a015e00000RouppAAB,PRG-000001SFLL-000006IE_S-002,,00000031,CAP00000031,Human Resources,IE_S-002,3,,,a015e00000RouppAAB,00000007,2,0125e000001mxoNAAQ,1-Backlog,NA,,,,,PRG-000001,SFLL-000006,SFLL-000006,Capability;KBCard__c
a015e00000RpMlsAAF,,,Imo Enterprises (IE),,,,,a015e00000RoupaAAB,a015e00000RouppAAB,PRG-000001SFLL-000006IE_S-003,,00000032,CAP00000032,Information Services,IE_S-003,3,,,a015e00000RouppAAB,00000007,2,0125e000001mxoNAAQ,1-Backlog,NA,,,,,PRG-000001,SFLL-000006,SFLL-000006,Capability;KBCard__c
a015e00000RpMltAAF,,,Imo Enterprises (IE),a015e00000RpMl5AAF,,,,a015e00000RoupaAAB,a015e00000RouppAAB,PRG-000001SFLL-000006IE_S-007IESPM-0003,,00000035,EPC00000035,Kanban Cards Reporting,IESPM-0003,4,,,a015e00000RpMl5AAF,00000028,3,0125e000001mxoOAAQ,1-Backlog,NA,,IE_S-007,,,PRG-000001,SFLL-000006,IE_S-007,Epic;KBCard__c
a015e00000RpMluAAF,,,Imo Enterprises (IE),a015e00000RpMl5AAF,,,,a015e00000RoupaAAB,a015e00000RouppAAB,PRG-000001SFLL-000006IE_S-007IESPM-0004,,00000036,EPC00000036,Imo Entities,IESPM-0004,4,,,a015e00000RpMl5AAF,00000028,3,0125e000001mxoOAAQ,1-Backlog,NA,,IE_S-007,,,PRG-000001,SFLL-000006,IE_S-007,Epic;KBCard__c
a015e00000RpMlvAAF,,,Imo Enterprises (IE),a015e00000RpMl5AAF,a015e00000RpMl6AAF,,,a015e00000RoupaAAB,a015e00000RouppAAB,PRG-000001SFLL-000006IE_S-007IESPM-0002IESPMF-0003,,00000039,FEA00000039,Kanban Card User Interfaces,IESPMF-0003,5,,,a015e00000RpMl6AAF,00000034,4,0125e000001mxoPAAQ,1-Backlog,NA,,IE_S-007,IESPM-0002,,PRG-000001,SFLL-000006,IESPM-0002,Feature;KBCard__c
a015e00000RpMk0AAF,,,Imo Enterprises (IE),,,,,a015e00000RoupaAAB,,PRG-000001SFLL-000005,,00000006,PRJ00000006,IE_OD,SFLL-000005,2,,,a015e00000RoupaAAB,00000001,1,0125e000001mxoRAAQ,1-Backlog,Operating Documents,,,,,PRG-000001,,PRG-000001,Project;KBCard__c
a015e00000RpMl8AAF,,,Imo Coffee & Bookstore (CB),,,,,a015e00000RoupaAAB,,PRG-000001SFLL-000022,,00000023,PRJ00000023,CB_L,SFLL-000022,2,,,a015e00000RoupaAAB,00000001,1,0125e000001mxoRAAQ,1-Backlog,Launch,,,,,PRG-000001,,PRG-000001,Project;KBCard__c
a015e00000RpMl9AAF,,,Imo Coffee & Bookstore (CB),,,,,a015e00000RoupaAAB,,PRG-000001SFLL-000024,,00000025,PRJ00000025,CB_S,SFLL-000024,2,,,a015e00000RoupaAAB,00000001,1,0125e000001mxoRAAQ,1-Backlog,Software,,,,,PRG-000001,,PRG-000001,Project;KBCard__c
a015e00000RpMmaAAF,,,Imo Enterprises (IE),a015e00000RpMl5AAF,a015e00000RpMltAAF,,,a015e00000RoupaAAB,a015e00000RouppAAB,PRG-000001SFLL-000006IE_S-007IESPM-0003IESPMF-0006,,00000045,FEA00000045,Kanban Dashboards,IESPMF-0006,5,,,a015e00000RpMltAAF,00000035,4,0125e000001mxoPAAQ,1-Backlog,NA,,IE_S-007,IESPM-0003,,PRG-000001,SFLL-000006,IESPM-0003,Feature;KBCard__c
a015e00000RpMjlAAF,,,Imo Enterprises (IE),,,,,a015e00000RoupaAAB,,PRG-000001SFLL-000001,,00000002,PRJ00000002,IE_R,SFLL-000001,2,,,a015e00000RoupaAAB,00000001,1,0125e000001mxoRAAQ,1-Backlog,Research,,,,,PRG-000001,,PRG-000001,Project;KBCard__c
a015e00000RpMjvAAF,,,Imo Enterprises (IE),,,,,a015e00000RoupaAAB,,PRG-000001SFLL-000004,,00000005,PRJ00000005,IE_L,SFLL-000004,2,,,a015e00000RoupaAAB,00000001,1,0125e000001mxoRAAQ,1-Backlog,Launch,,,,,PRG-000001,,PRG-000001,Project;KBCard__c
a015e00000RpMl3AAF,,,Imo Ice Cream & Goods (IG),,,,,a015e00000RoupaAAB,,PRG-000001SFLL-000014,,00000015,PRJ00000015,IG_BP,SFLL-000014,2,,,a015e00000RoupaAAB,00000001,1,0125e000001mxoRAAQ,1-Backlog,Business Plan,,,,,PRG-000001,,PRG-000001,Project;KBCard__c
a015e00000RpMl4AAF,,,Imo Ice Cream & Goods (IG),,,,,a015e00000RoupaAAB,,PRG-000001SFLL-000016,,00000017,PRJ00000017,IG_L,SFLL-000016,2,,,a015e00000RoupaAAB,00000001,1,0125e000001mxoRAAQ,1-Backlog,Launch,,,,,PRG-000001,,PRG-000001,Project;KBCard__c
a015e00000RpMl5AAF,,,Imo Enterprises (IE),,,,,a015e00000RoupaAAB,a015e00000RouppAAB,PRG-000001SFLL-000006IE_S-007,,00000028,CAP00000028,Project Management,IE_S-007,3,,,a015e00000RouppAAB,00000007,2,0125e000001mxoNAAQ,1-Backlog,NA,,,,,PRG-000001,SFLL-000006,SFLL-000006,Capability;KBCard__c
a015e00000RpMl6AAF,,,Imo Enterprises (IE),a015e00000RpMl5AAF,,,,a015e00000RoupaAAB,a015e00000RouppAAB,PRG-000001SFLL-000006IE_S-007IESPM-0002,,00000034,EPC00000034,Kanban Cards User Interface,IESPM-0002,4,,,a015e00000RpMl5AAF,00000028,3,0125e000001mxoOAAQ,1-Backlog,NA,,IE_S-007,,,PRG-000001,SFLL-000006,IE_S-007,Epic;KBCard__c
a015e00000RpMmQAAV,,,Imo Enterprises (IE),a015e00000RpMl5AAF,a015e00000RpMl6AAF,,,a015e00000RoupaAAB,a015e00000RouppAAB,PRG-000001SFLL-000006IE_S-007IESPM-0002IESPMF-0002,,00000041,FEA00000041,"Kanban Card Object, Record Types & Permissions",IESPMF-0002,5,,,a015e00000RpMl6AAF,00000034,4,0125e000001mxoPAAQ,1-Backlog,NA,,IE_S-007,IESPM-0002,,PRG-000001,SFLL-000006,IESPM-0002,Feature;KBCard__c
a015e00000RpMmRAAV,,,Imo Enterprises (IE),a015e00000RpMl5AAF,a015e00000RpMltAAF,,,a015e00000RoupaAAB,a015e00000RouppAAB,PRG-000001SFLL-000006IE_S-007IESPM-0003IESPMF-0005,,00000042,FEA00000042,Kanban Hierarchy Reports,IESPMF-0005,5,,,a015e00000RpMltAAF,00000035,4,0125e000001mxoPAAQ,1-Backlog,NA,,IE_S-007,IESPM-0003,,PRG-000001,SFLL-000006,IESPM-0003,Feature;KBCard__c
a015e00000RpMmSAAV,,,Imo Enterprises (IE),a015e00000RpMl5AAF,,,,a015e00000RoupaAAB,a015e00000RouppAAB,PRG-000001SFLL-000006IE_S-007IESPM-0005,,00000037,EPC00000037,Change Log,IESPM-0005,4,,,a015e00000RpMl5AAF,00000028,3,0125e000001mxoOAAQ,1-Backlog,NA,,IE_S-007,,,PRG-000001,SFLL-000006,IE_S-007,Epic;KBCard__c
a015e00000RpMniAAF,a005e000008xMA8AAM,<ul><li>linked kbcard to change log </li><li>modified lists on kbcard</li><li>added fields to kbcard</li><li>changed page layout to kbcard</li><li>auto number addition</li></ul>,Imo Enterprises (IE),a015e00000RpMl5AAF,a015e00000RpMl6AAF,a015e00000RpMlvAAF,,a015e00000RoupaAAB,a015e00000RouppAAB,PRG-000001SFLL-000006IE_S-007IESPM-0002IESPMF-0003IESPMS-0005,,00000051,STO00000051,Program UI & List,IESPMS-0005,6,,,a015e00000RpMlvAAF,00000039,5,0125e000001mxoSAAQ,3-Completed,NA,CLExtID-0005,IE_S-007,IESPM-0002,IESPMF-0003,PRG-000001,SFLL-000006,IESPMF-0003,Story;KBCard__c
a015e00000RpMkhAAF,,,Imo Enterprises (IE),,,,,a015e00000RoupaAAB,a015e00000RouppAAB,PRG-000001SFLL-000006IE_S-006,,00000027,CAP00000027,Customer Services,IE_S-006,3,,,a015e00000RouppAAB,00000007,2,0125e000001mxoNAAQ,1-Backlog,NA,,,,,PRG-000001,SFLL-000006,SFLL-000006,Capability;KBCard__c
a015e00000RpMkgAAF,,,Imo Enterprises (IE),,,,,a015e00000RoupaAAB,a015e00000RouppAAB,PRG-000001SFLL-000006IE_S-004,,00000026,CAP00000026,Sales & Marketing,IE_S-004,3,,,a015e00000RouppAAB,00000007,2,0125e000001mxoNAAQ,1-Backlog,NA,,,,,PRG-000001,SFLL-000006,SFLL-000006,Capability;KBCard__c
a015e00000RpMmuAAF,a005e000008xWfPAAU,,Imo Enterprises (IE),a015e00000RpMl5AAF,a015e00000RpMkvAAF,a015e00000RpMmLAAV,,a015e00000RoupaAAB,a015e00000RouppAAB,PRG-000001SFLL-000006IE_S-007IESPM-0001IESPMF-0001IESPMS-0001,,00000047,STO00000047,Generate Hierarchy Records,IESPMS-0001,6,,,a015e00000RpMmLAAV,00000040,5,0125e000001mxoSAAQ,1-Backlog,NA,CLExtID-0006,IE_S-007,IESPM-0001,IESPMF-0001,PRG-000001,SFLL-000006,IESPMF-0001,Story;KBCard__c
a015e00000RpMmvAAF,,,Imo Enterprises (IE),a015e00000RpMl5AAF,a015e00000RpMkvAAF,a015e00000RpMmLAAV,,a015e00000RoupaAAB,a015e00000RouppAAB,PRG-000001SFLL-000006IE_S-007IESPM-0001IESPMF-0001IESPMS-0002,,00000048,STO00000048,Update Source Object w/Hierarchy,IESPMS-0002,6,,,a015e00000RpMmLAAV,00000040,5,0125e000001mxoSAAQ,1-Backlog,NA,,IE_S-007,IESPM-0001,IESPMF-0001,PRG-000001,SFLL-000006,IESPMF-0001,Story;KBCard__c
a015e00000RpMkeAAF,,,Imo Apartments (LL),,,,,a015e00000RoupaAAB,,PRG-000001SFLL-000008,,00000009,PRJ00000009,LL_BP,SFLL-000008,2,,,a015e00000RoupaAAB,00000001,1,0125e000001mxoRAAQ,1-Backlog,Business Plan,,,,,PRG-000001,,PRG-000001,Project;KBCard__c
a015e00000RpMkfAAF,,,Imo Coffee & Bookstore (CB),,,,,a015e00000RoupaAAB,,PRG-000001SFLL-000019,,00000020,PRJ00000020,CB_R,SFLL-000019,2,,,a015e00000RoupaAAB,00000001,1,0125e000001mxoRAAQ,1-Backlog,Research,,,,,PRG-000001,,PRG-000001,Project;KBCard__c
a015e00000RpMlmAAF,,,Imo Enterprises (IE),,,,,a015e00000RoupaAAB,a015e00000RouppAAB,PRG-000001SFLL-000006IE_S-001,,00000029,CAP00000029,Finance,IE_S-001,3,,,a015e00000RouppAAB,00000007,2,0125e000001mxoNAAQ,1-Backlog,NA,,,,,PRG-000001,SFLL-000006,SFLL-000006,Capability;KBCard__c
a015e00000RpMlnAAF,,,Imo Enterprises (IE),,,,,a015e00000RoupaAAB,a015e00000RouppAAB,PRG-000001SFLL-000006IE_S-005,,00000030,CAP00000030,Operations & Facilities,IE_S-005,3,,,a015e00000RouppAAB,00000007,2,0125e000001mxoNAAQ,1-Backlog,NA,,,,,PRG-000001,SFLL-000006,SFLL-000006,Capability;KBCard__c
a015e00000RpYppAAF,a005e000008xMA8AAM,<ul><li>added default date</li><li>added fields</li><li>changed page layout</li></ul>,Imo Enterprises (IE),a015e00000RpMl5AAF,a015e00000RpMmSAAV,a015e00000RpMmWAAV,,a015e00000RoupaAAB,a015e00000RouppAAB,PRG-000001SFLL-000006IE_S-007IESPM-0005IESPMF-0009CLO-000001,,00000052,STO00000052,Change Log UI,CLO-000001,6,,,a015e00000RpMmWAAV,00000044,5,0125e000001mxoSAAQ,3-Completed,NA,CLExtID-0005,IE_S-007,IESPM-0005,IESPMF-0009,PRG-000001,SFLL-000006,IESPMF-0009,Story;KBCard__c
a015e00000RpbM9AAJ,,,Imo Enterprises (IE),a015e00000RpMl5AAF,a015e00000RpMl6AAF,a015e00000RpMlvAAF,,a015e00000RoupaAAB,a015e00000RouppAAB,PRG-000001SFLL-000006IE_S-007IESPM-0002IESPMF-0003IESPMS-0008,,00000055,STO00000055,Epic UI & List,IESPMS-0008,6,,,a015e00000RpMlvAAF,00000039,5,0125e000001mxoSAAQ,3-Completed,NA,,IE_S-007,IESPM-0002,IESPMF-0003,PRG-000001,SFLL-000006,IESPMF-0003,Story;KBCard__c
a015e00000RpbMEAAZ,,,Imo Enterprises (IE),a015e00000RpMl5AAF,a015e00000RpMl6AAF,a015e00000RpMlvAAF,,a015e00000RoupaAAB,a015e00000RouppAAB,PRG-000001SFLL-000006IE_S-007IESPM-0002IESPMF-0003IESPMS-0007,,00000056,STO00000056,Capability UI & List,IESPMS-0007,6,,,a015e00000RpMlvAAF,00000039,5,0125e000001mxoSAAQ,3-Completed,NA,,IE_S-007,IESPM-0002,IESPMF-0003,PRG-000001,SFLL-000006,IESPMF-0003,Story;KBCard__c
a015e00000RpbMnAAJ,,,Imo Enterprises (IE),a015e00000RpMl5AAF,a015e00000RpbMOAAZ,a015e00000RpbMeAAJ,,a015e00000RoupaAAB,a015e00000RouppAAB,PRG-000001SFLL-000006IE_S-007IESPM-0006IESPMDE-1IESSPMDES-2,,00000070,STO00000070,"IE_S Project Management Epics, Features & Stories Data Entry",IESSPMDES-2,6,,,a015e00000RpbMeAAJ,00000068,5,0125e000001mxoSAAQ,3-Completed,NA,,IE_S-007,IESPM-0006,IESPMDE-1,PRG-000001,SFLL-000006,IESPMDE-1,Story;KBCard__c
a015e00000RpbMOAAZ,,,Imo Enterprises (IE),a015e00000RpMl5AAF,,,,a015e00000RoupaAAB,a015e00000RouppAAB,PRG-000001SFLL-000006IE_S-007IESPM-0006,,00000059,EPC00000059,Project Management Data,IESPM-0006,4,,,a015e00000RpMl5AAF,00000028,3,0125e000001mxoOAAQ,1-Backlog,NA,,IE_S-007,,,PRG-000001,SFLL-000006,IE_S-007,Epic;KBCard__c
a015e00000RpbPSAAZ,,,Imo Enterprises (IE),a015e00000RpMl5AAF,a015e00000RpMltAAF,a015e00000RpMmVAAV,,a015e00000RoupaAAB,a015e00000RouppAAB,PRG-000001SFLL-000006IE_S-007IESPM-0003IESPMF-0004IESPMFS-2,,00000072,STO00000072,Project List Report,IESPMFS-2,6,,,a015e00000RpMmVAAV,00000043,5,0125e000001mxoSAAQ,1-Backlog,NA,,IE_S-007,IESPM-0003,IESPMF-0004,PRG-000001,SFLL-000006,IESPMF-0004,Story;KBCard__c
a015e00000RpbMUAAZ,,,Imo Enterprises (IE),a015e00000RpMl5AAF,a015e00000RpbMOAAZ,a015e00000RpbMeAAJ,,a015e00000RoupaAAB,a015e00000RouppAAB,PRG-000001SFLL-000006IE_S-007IESPM-0006IESPMDE-1IESSPMDES-1,,00000069,STO00000069,Projects Data Entry,IESSPMDES-1,6,,,a015e00000RpbMeAAJ,00000068,5,0125e000001mxoSAAQ,3-Completed,NA,,IE_S-007,IESPM-0006,IESPMDE-1,PRG-000001,SFLL-000006,IESPMDE-1,Story;KBCard__c
a015e00000RpYpuAAF,,,Imo Enterprises (IE),a015e00000RpMl5AAF,a015e00000RpMltAAF,a015e00000RpMmVAAV,,a015e00000RoupaAAB,a015e00000RouppAAB,PRG-000001SFLL-000006IE_S-007IESPM-0003IESPMF-0004STO00000053,,00000053,STO00000053,Create All KBCards Public Report,STO00000053,6,,,a015e00000RpMmVAAV,00000043,5,0125e000001mxoSAAQ,3-Completed,NA,,IE_S-007,IESPM-0003,IESPMF-0004,PRG-000001,SFLL-000006,IESPMF-0004,Story;KBCard__c
a015e00000RpMjqAAF,,,Imo Enterprises (IE),,,,,a015e00000RoupaAAB,,PRG-000001SFLL-000002,,00000003,PRJ00000003,IE_BP,SFLL-000002,2,,,a015e00000RoupaAAB,00000001,1,0125e000001mxoRAAQ,1-Backlog,Business Plan,,,,,PRG-000001,,PRG-000001,Project;KBCard__c
a015e00000RpMktAAF,,,Imo Apartments (LL),,,,,a015e00000RoupaAAB,,PRG-000001SFLL-000012,,00000013,PRJ00000013,LL_S,SFLL-000012,2,,,a015e00000RoupaAAB,00000001,1,0125e000001mxoRAAQ,1-Backlog,Software,,,,,PRG-000001,,PRG-000001,Project;KBCard__c
a015e00000RpMkuAAF,,,Imo Ice Cream & Goods (IG),,,,,a015e00000RoupaAAB,,PRG-000001SFLL-000013,,00000014,PRJ00000014,IG_R,SFLL-000013,2,,,a015e00000RoupaAAB,00000001,1,0125e000001mxoRAAQ,1-Backlog,Research,,,,,PRG-000001,,PRG-000001,Project;KBCard__c
a015e00000RpMkvAAF,,,Imo Enterprises (IE),a015e00000RpMl5AAF,,,,a015e00000RoupaAAB,a015e00000RouppAAB,PRG-000001SFLL-000006IE_S-007IESPM-0001,,00000033,EPC00000033,Software Utilities,IESPM-0001,4,,,a015e00000RpMl5AAF,00000028,3,0125e000001mxoOAAQ,1-Backlog,NA,,IE_S-007,,,PRG-000001,SFLL-000006,IE_S-007,Epic;KBCard__c
a015e00000RpMkwAAF,,,Imo Enterprises (IE),a015e00000RpMl5AAF,a015e00000RpMluAAF,,,a015e00000RoupaAAB,a015e00000RouppAAB,PRG-000001SFLL-000006IE_S-007IESPM-0004IESPMF-0008,,00000038,FEA00000038,Imo Entities Records & Reporting,IESPMF-0008,5,,,a015e00000RpMluAAF,00000036,4,0125e000001mxoPAAQ,1-Backlog,NA,,IE_S-007,IESPM-0004,,PRG-000001,SFLL-000006,IESPM-0004,Feature;KBCard__c
a015e00000RpMmLAAV,a005e000008xWfPAAU,,Imo Enterprises (IE),a015e00000RpMl5AAF,a015e00000RpMkvAAF,,,a015e00000RoupaAAB,a015e00000RouppAAB,PRG-000001SFLL-000006IE_S-007IESPM-0001IESPMF-0001,,00000040,FEA00000040,Hierarchy Utilities,IESPMF-0001,5,,,a015e00000RpMkvAAF,00000033,4,0125e000001mxoPAAQ,1-Backlog,NA,CLExtID-0006,IE_S-007,IESPM-0001,,PRG-000001,SFLL-000006,IESPM-0001,Feature;KBCard__c
a015e00000RpMmVAAV,,,Imo Enterprises (IE),a015e00000RpMl5AAF,a015e00000RpMltAAF,,,a015e00000RoupaAAB,a015e00000RouppAAB,PRG-000001SFLL-000006IE_S-007IESPM-0003IESPMF-0004,,00000043,FEA00000043,Kanban List Reports,IESPMF-0004,5,,,a015e00000RpMltAAF,00000035,4,0125e000001mxoPAAQ,1-Backlog,NA,,IE_S-007,IESPM-0003,,PRG-000001,SFLL-000006,IESPM-0003,Feature;KBCard__c
a015e00000RpMmWAAV,,,Imo Enterprises (IE),a015e00000RpMl5AAF,a015e00000RpMmSAAV,,,a015e00000RoupaAAB,a015e00000RouppAAB,PRG-000001SFLL-000006IE_S-007IESPM-0005IESPMF-0009,,00000044,FEA00000044,"Change Log Object, UI, & List",IESPMF-0009,5,,,a015e00000RpMmSAAV,00000037,4,0125e000001mxoPAAQ,1-Backlog,NA,,IE_S-007,IESPM-0005,,PRG-000001,SFLL-000006,IESPM-0005,Feature;KBCard__c
a015e00000RpMmXAAV,,,Imo Enterprises (IE),a015e00000RpMl5AAF,a015e00000RpMl6AAF,a015e00000RpMmQAAV,,a015e00000RoupaAAB,a015e00000RouppAAB,PRG-000001SFLL-000006IE_S-007IESPM-0002IESPMF-0002IESPMS-0004,,00000050,STO00000050,Kanban Object & Record Type,IESPMS-0004,6,,,a015e00000RpMmQAAV,00000041,5,0125e000001mxoSAAQ,3-Completed,NA,,IE_S-007,IESPM-0002,IESPMF-0002,PRG-000001,SFLL-000006,IESPMF-0002,Story;KBCard__c
a015e00000RpbM4AAJ,a005e0000090CNxAAM,,Imo Enterprises (IE),a015e00000RpMl5AAF,a015e00000RpMl6AAF,a015e00000RpMlvAAF,,a015e00000RoupaAAB,a015e00000RouppAAB,PRG-000001SFLL-000006IE_S-007IESPM-0002IESPMF-0003IESPMS-0006,,00000054,STO00000054,Project UI & List,IESPMS-0006,6,,,a015e00000RpMlvAAF,00000039,5,0125e000001mxoSAAQ,3-Completed,NA,CLExtID-0008,IE_S-007,IESPM-0002,IESPMF-0003,PRG-000001,SFLL-000006,IESPMF-0003,Story;KBCard__c
a015e00000RpbM5AAJ,,,Imo Enterprises (IE),a015e00000RpMl5AAF,a015e00000RpMl6AAF,a015e00000RpMlvAAF,,a015e00000RoupaAAB,a015e00000RouppAAB,PRG-000001SFLL-000006IE_S-007IESPM-0002IESPMF-0003IESPMS-0009,,00000057,STO00000057,Feature UI & List,IESPMS-0009,6,,,a015e00000RpMlvAAF,00000039,5,0125e000001mxoSAAQ,3-Completed,NA,,IE_S-007,IESPM-0002,IESPMF-0003,PRG-000001,SFLL-000006,IESPMF-0003,Story;KBCard__c
a015e00000RpbM6AAJ,,,Imo Enterprises (IE),a015e00000RpMl5AAF,a015e00000RpMl6AAF,a015e00000RpMlvAAF,,a015e00000RoupaAAB,a015e00000RouppAAB,PRG-000001SFLL-000006IE_S-007IESPM-0002IESPMF-0003IESPMS-0010,,00000058,STO00000058,Story UI & List,IESPMS-0010,6,,,a015e00000RpMlvAAF,00000039,5,0125e000001mxoSAAQ,3-Completed,NA,,IE_S-007,IESPM-0002,IESPMF-0003,PRG-000001,SFLL-000006,IESPMF-0003,Story;KBCard__c
a015e00000RpbPwAAJ,a005e00000CngeGAAR,,Imo Enterprises (IE),a015e00000RpMl5AAF,a015e00000RpMluAAF,a015e00000RpMmbAAF,,a015e00000RoupaAAB,a015e00000RouppAAB,PRG-000001SFLL-000006IE_S-007IESPM-0004IESPMF-0007IESPMFS7-1,,00000079,STO00000079,"Imo Entities Object, UI, Lists",IESPMFS7-1,6,,,a015e00000RpMmbAAF,00000046,5,0125e000001mxoSAAQ,1-Backlog,NA,CLExtID-0011,IE_S-007,IESPM-0004,IESPMF-0007,PRG-000001,SFLL-000006,IESPMF-0007,Story;KBCard__c
a015e00000RpbMeAAJ,,,Imo Enterprises (IE),a015e00000RpMl5AAF,a015e00000RpbMOAAZ,,,a015e00000RoupaAAB,a015e00000RouppAAB,PRG-000001SFLL-000006IE_S-007IESPM-0006IESPMDE-1,,00000068,FEA00000068,Project Management Data Entry,IESPMDE-1,5,,,a015e00000RpbMOAAZ,00000059,4,0125e000001mxoPAAQ,1-Backlog,NA,,IE_S-007,IESPM-0006,,PRG-000001,SFLL-000006,IESPM-0006,Feature;KBCard__c
a015e00000RpbPcAAJ,,,Imo Enterprises (IE),a015e00000RpMl5AAF,a015e00000RpMltAAF,a015e00000RpMmVAAV,,a015e00000RoupaAAB,a015e00000RouppAAB,PRG-000001SFLL-000006IE_S-007IESPM-0003IESPMF-0004IESPMFS-4,,00000073,STO00000073,Epic List Report,IESPMFS-4,6,,,a015e00000RpMmVAAV,00000043,5,0125e000001mxoSAAQ,1-Backlog,NA,,IE_S-007,IESPM-0003,IESPMF-0004,PRG-000001,SFLL-000006,IESPMF-0004,Story;KBCard__c
a015e00000RpbPdAAJ,,,Imo Enterprises (IE),a015e00000RpMl5AAF,a015e00000RpMltAAF,a015e00000RpMmVAAV,,a015e00000RoupaAAB,a015e00000RouppAAB,PRG-000001SFLL-000006IE_S-007IESPM-0003IESPMF-0004IESPMFS-6,,00000074,STO00000074,Story List Report,IESPMFS-6,6,,,a015e00000RpMmVAAV,00000043,5,0125e000001mxoSAAQ,1-Backlog,NA,,IE_S-007,IESPM-0003,IESPMF-0004,PRG-000001,SFLL-000006,IESPMF-0004,Story;KBCard__c
a015e00000RpbPsAAJ,,,Imo Enterprises (IE),a015e00000RpMl5AAF,a015e00000RpMluAAF,a015e00000RpMkwAAF,,a015e00000RoupaAAB,a015e00000RouppAAB,PRG-000001SFLL-000006IE_S-007IESPM-0004IESPMF-0008IESPMFS8-1,,00000080,STO00000080,Imo Entities Records & Reports,IESPMFS8-1,6,,,a015e00000RpMkwAAF,00000038,5,0125e000001mxoSAAQ,1-Backlog,NA,,IE_S-007,IESPM-0004,IESPMF-0008,PRG-000001,SFLL-000006,IESPMF-0008,Story;KBCard__c
a015e00000RpbPrAAJ,,,Imo Enterprises (IE),a015e00000RpMl5AAF,a015e00000RpMltAAF,a015e00000RpMmRAAV,,a015e00000RoupaAAB,a015e00000RouppAAB,PRG-000001SFLL-000006IE_S-007IESPM-0003IESPMF-0005IESPMF5-1,,00000077,STO00000077,Kanban Hierarchy Report,IESPMF5-1,6,,,a015e00000RpMmRAAV,00000042,5,0125e000001mxoSAAQ,1-Backlog,NA,,IE_S-007,IESPM-0003,IESPMF-0005,PRG-000001,SFLL-000006,IESPMF-0005,Story;KBCard__c
a015e00000RpbPNAAZ,,,Imo Enterprises (IE),a015e00000RpMl5AAF,a015e00000RpMltAAF,a015e00000RpMmVAAV,,a015e00000RoupaAAB,a015e00000RouppAAB,PRG-000001SFLL-000006IE_S-007IESPM-0003IESPMF-0004IESPMFS-1,,00000071,STO00000071,Program List Report,IESPMFS-1,6,,,a015e00000RpMmVAAV,00000043,5,0125e000001mxoSAAQ,1-Backlog,NA,,IE_S-007,IESPM-0003,IESPMF-0004,PRG-000001,SFLL-000006,IESPMF-0004,Story;KBCard__c
a015e00000RpbPOAAZ,,,Imo Enterprises (IE),a015e00000RpMl5AAF,a015e00000RpMltAAF,a015e00000RpMmVAAV,,a015e00000RoupaAAB,a015e00000RouppAAB,PRG-000001SFLL-000006IE_S-007IESPM-0003IESPMF-0004IESPMFS-5,,00000075,STO00000075,Feature List Report,IESPMFS-5,6,,,a015e00000RpMmVAAV,00000043,5,0125e000001mxoSAAQ,1-Backlog,NA,,IE_S-007,IESPM-0003,IESPMF-0004,PRG-000001,SFLL-000006,IESPMF-0004,Story;KBCard__c
a015e00000RpbPmAAJ,,,Imo Enterprises (IE),a015e00000RpMl5AAF,a015e00000RpMltAAF,a015e00000RpMmVAAV,,a015e00000RoupaAAB,a015e00000RouppAAB,PRG-000001SFLL-000006IE_S-007IESPM-0003IESPMF-0004IESPMFS-3,,00000076,STO00000076,Capability List Report,IESPMFS-3,6,,,a015e00000RpMmVAAV,00000043,5,0125e000001mxoSAAQ,1-Backlog,NA,,IE_S-007,IESPM-0003,IESPMF-0004,PRG-000001,SFLL-000006,IESPMF-0004,Story;KBCard__c
a015e00000RpbPnAAJ,,,Imo Enterprises (IE),a015e00000RpMl5AAF,a015e00000RpMltAAF,a015e00000RpMmaAAF,,a015e00000RoupaAAB,a015e00000RouppAAB,PRG-000001SFLL-000006IE_S-007IESPM-0003IESPMF-0006IESPMFS6,,00000078,STO00000078,Kanban Dashboard,IESPMFS6,6,,,a015e00000RpMmaAAF,00000045,5,0125e000001mxoSAAQ,1-Backlog,NA,,IE_S-007,IESPM-0003,IESPMF-0006,PRG-000001,SFLL-000006,IESPMF-0006,Story;KBCard__c
a015e00000U1V2CAAV,,,Imo Enterprises (IE),a015e00000RpMlmAAF,a015e00000U1RAeAAN,,,a015e00000RoupaAAB,a015e00000RouppAAB,PRG-000001SFLL-000006IE_S-001EPC00000087FEA00000094,,00000094,FEA00000094,Transactions Records and Reports,FEA00000094,5,,,a015e00000U1RAeAAN,00000087,4,0125e000001mxoPAAQ,1-Backlog,NA,,IE_S-001,EPC00000087,,PRG-000001,SFLL-000006,EPC00000087,Feature;KBCard__c
a015e00000U1V2DAAV,a005e00000E4J1vAAF,,Imo Enterprises (IE),a015e00000RpMlmAAF,a015e00000U1UvrAAF,a015e00000U1UykAAF,,a015e00000RoupaAAB,a015e00000RouppAAB,PRG-000001SFLL-000006IE_S-001EPC00000084FEA00000090STO00000097,,00000097,STO00000097,Chart of Account Types IU & List,STO00000097,6,,,a015e00000U1UykAAF,00000090,5,0125e000001mxoSAAQ,3-Completed,NA,CLExtID-0012,IE_S-001,EPC00000084,FEA00000090,PRG-000001,SFLL-000006,FEA00000090,Story;KBCard__c
