Date update,Child Id,Child Lookup Id Field,Child Lookup Reference Field,Child SObject,Parent SObject,Parent ExternalId Field,Missing expected parent ExternalID value
2023-01-02  11:33:13.773,a015e00000U1UzCAAV,HierarchyCapability__c,HierarchyCapability__r.KBCExtID__c,KBCard__c,KBCard__c,KBCExtID__c,IE_S-001
2023-01-02  11:33:13.773,a015e00000U1UzCAAV,HierarchyEpic__c,HierarchyEpic__r.KBCExtID__c,KBCard__c,KBCard__c,KBCExtID__c,EPC00000084
2023-01-02  11:33:13.773,a015e00000U1UzCAAV,HierarchyFeature__c,HierarchyFeature__r.KBCExtID__c,KBCard__c,KBCard__c,KBCExtID__c,FEA00000102
2023-01-02  11:33:13.773,a015e00000U1UzCAAV,HierarchyProject__c,HierarchyProject__r.KBCExtID__c,KBCard__c,KBCard__c,KBCExtID__c,SFLL-000006
2023-01-02  11:33:13.773,a015e00000U1UzCAAV,ParentKBCard__c,ParentKBCard__r.KBCExtID__c,KBCard__c,KBCard__c,KBCExtID__c,FEA00000102
2023-01-02  11:33:13.773,a015e00000U1VEpAAN,HierarchyCapability__c,HierarchyCapability__r.KBCExtID__c,KBCard__c,KBCard__c,KBCExtID__c,IE_S-001
2023-01-02  11:33:13.773,a015e00000U1VEpAAN,HierarchyEpic__c,HierarchyEpic__r.KBCExtID__c,KBCard__c,KBCard__c,KBCExtID__c,EPC00000085
2023-01-02  11:33:13.773,a015e00000U1VEpAAN,HierarchyFeature__c,HierarchyFeature__r.KBCExtID__c,KBCard__c,KBCard__c,KBCExtID__c,FEA00000091
2023-01-02  11:33:13.773,a015e00000U1VEpAAN,HierarchyProject__c,HierarchyProject__r.KBCExtID__c,KBCard__c,KBCard__c,KBCExtID__c,SFLL-000006
2023-01-02  11:33:13.773,a015e00000U1VEpAAN,ParentKBCard__c,ParentKBCard__r.KBCExtID__c,KBCard__c,KBCard__c,KBCExtID__c,FEA00000091
2023-01-02  11:33:13.773,a015e00000U1VEoAAN,HierarchyCapability__c,HierarchyCapability__r.KBCExtID__c,KBCard__c,KBCard__c,KBCExtID__c,IE_S-001
2023-01-02  11:33:13.773,a015e00000U1VEoAAN,HierarchyEpic__c,HierarchyEpic__r.KBCExtID__c,KBCard__c,KBCard__c,KBCExtID__c,EPC00000084
2023-01-02  11:33:13.773,a015e00000U1VEoAAN,HierarchyFeature__c,HierarchyFeature__r.KBCExtID__c,KBCard__c,KBCard__c,KBCExtID__c,FEA00000102
2023-01-02  11:33:13.773,a015e00000U1VEoAAN,HierarchyProject__c,HierarchyProject__r.KBCExtID__c,KBCard__c,KBCard__c,KBCExtID__c,SFLL-000006
2023-01-02  11:33:13.773,a015e00000U1VEoAAN,ParentKBCard__c,ParentKBCard__r.KBCExtID__c,KBCard__c,KBCard__c,KBCExtID__c,FEA00000102
2023-01-02  11:33:13.773,a015e00000U1VEnAAN,HierarchyCapability__c,HierarchyCapability__r.KBCExtID__c,KBCard__c,KBCard__c,KBCExtID__c,IE_S-001
2023-01-02  11:33:13.773,a015e00000U1VEnAAN,HierarchyEpic__c,HierarchyEpic__r.KBCExtID__c,KBCard__c,KBCard__c,KBCExtID__c,EPC00000084
2023-01-02  11:33:13.773,a015e00000U1VEnAAN,HierarchyFeature__c,HierarchyFeature__r.KBCExtID__c,KBCard__c,KBCard__c,KBCExtID__c,FEA00000102
2023-01-02  11:33:13.773,a015e00000U1VEnAAN,HierarchyProject__c,HierarchyProject__r.KBCExtID__c,KBCard__c,KBCard__c,KBCExtID__c,SFLL-000006
2023-01-02  11:33:13.773,a015e00000U1VEnAAN,ParentKBCard__c,ParentKBCard__r.KBCExtID__c,KBCard__c,KBCard__c,KBCExtID__c,FEA00000102
2023-01-02  11:33:13.773,a015e00000U1V4tAAF,HierarchyCapability__c,HierarchyCapability__r.KBCExtID__c,KBCard__c,KBCard__c,KBCExtID__c,IE_S-001
2023-01-02  11:33:13.773,a015e00000U1V4tAAF,HierarchyEpic__c,HierarchyEpic__r.KBCExtID__c,KBCard__c,KBCard__c,KBCExtID__c,EPC00000084
2023-01-02  11:33:13.773,a015e00000U1V4tAAF,HierarchyFeature__c,HierarchyFeature__r.KBCExtID__c,KBCard__c,KBCard__c,KBCExtID__c,FEA00000090
2023-01-02  11:33:13.773,a015e00000U1V4tAAF,HierarchyProject__c,HierarchyProject__r.KBCExtID__c,KBCard__c,KBCard__c,KBCExtID__c,SFLL-000006
2023-01-02  11:33:13.774,a015e00000U1V4tAAF,ParentKBCard__c,ParentKBCard__r.KBCExtID__c,KBCard__c,KBCard__c,KBCExtID__c,FEA00000090
2023-01-02  11:33:13.774,a015e00000U1UykAAF,HierarchyCapability__c,HierarchyCapability__r.KBCExtID__c,KBCard__c,KBCard__c,KBCExtID__c,IE_S-001
2023-01-02  11:33:13.774,a015e00000U1UykAAF,HierarchyEpic__c,HierarchyEpic__r.KBCExtID__c,KBCard__c,KBCard__c,KBCExtID__c,EPC00000084
2023-01-02  11:33:13.774,a015e00000U1UykAAF,HierarchyProject__c,HierarchyProject__r.KBCExtID__c,KBCard__c,KBCard__c,KBCExtID__c,SFLL-000006
2023-01-02  11:33:13.774,a015e00000U1UykAAF,ParentKBCard__c,ParentKBCard__r.KBCExtID__c,KBCard__c,KBCard__c,KBCExtID__c,EPC00000084
2023-01-02  11:33:13.774,a015e00000U1V3WAAV,HierarchyCapability__c,HierarchyCapability__r.KBCExtID__c,KBCard__c,KBCard__c,KBCExtID__c,IE_S-001
2023-01-02  11:33:13.774,a015e00000U1V3WAAV,HierarchyEpic__c,HierarchyEpic__r.KBCExtID__c,KBCard__c,KBCard__c,KBCExtID__c,EPC00000084
2023-01-02  11:33:13.774,a015e00000U1V3WAAV,HierarchyFeature__c,HierarchyFeature__r.KBCExtID__c,KBCard__c,KBCard__c,KBCExtID__c,FEA00000102
2023-01-02  11:33:13.774,a015e00000U1V3WAAV,HierarchyProject__c,HierarchyProject__r.KBCExtID__c,KBCard__c,KBCard__c,KBCExtID__c,SFLL-000006
2023-01-02  11:33:13.774,a015e00000U1V3WAAV,ParentKBCard__c,ParentKBCard__r.KBCExtID__c,KBCard__c,KBCard__c,KBCExtID__c,FEA00000102
2023-01-02  11:33:13.774,a015e00000U1UzBAAV,HierarchyCapability__c,HierarchyCapability__r.KBCExtID__c,KBCard__c,KBCard__c,KBCExtID__c,IE_S-001
2023-01-02  11:33:13.774,a015e00000U1UzBAAV,HierarchyEpic__c,HierarchyEpic__r.KBCExtID__c,KBCard__c,KBCard__c,KBCExtID__c,EPC00000085
2023-01-02  11:33:13.774,a015e00000U1UzBAAV,HierarchyProject__c,HierarchyProject__r.KBCExtID__c,KBCard__c,KBCard__c,KBCExtID__c,SFLL-000006
2023-01-02  11:33:13.774,a015e00000U1UzBAAV,ParentKBCard__c,ParentKBCard__r.KBCExtID__c,KBCard__c,KBCard__c,KBCExtID__c,EPC00000085
2023-01-02  11:33:13.774,a015e00000U1V4eAAF,HierarchyCapability__c,HierarchyCapability__r.KBCExtID__c,KBCard__c,KBCard__c,KBCExtID__c,IE_S-001
2023-01-02  11:33:13.774,a015e00000U1V4eAAF,HierarchyEpic__c,HierarchyEpic__r.KBCExtID__c,KBCard__c,KBCard__c,KBCExtID__c,EPC00000084
2023-01-02  11:33:13.774,a015e00000U1V4eAAF,HierarchyFeature__c,HierarchyFeature__r.KBCExtID__c,KBCard__c,KBCard__c,KBCExtID__c,FEA00000090
2023-01-02  11:33:13.774,a015e00000U1V4eAAF,HierarchyProject__c,HierarchyProject__r.KBCExtID__c,KBCard__c,KBCard__c,KBCExtID__c,SFLL-000006
2023-01-02  11:33:13.774,a015e00000U1V4eAAF,ParentKBCard__c,ParentKBCard__r.KBCExtID__c,KBCard__c,KBCard__c,KBCExtID__c,FEA00000090
2023-01-02  11:33:13.774,a015e00000U1UvwAAF,HierarchyCapability__c,HierarchyCapability__r.KBCExtID__c,KBCard__c,KBCard__c,KBCExtID__c,IE_S-001
2023-01-02  11:33:13.774,a015e00000U1UvwAAF,HierarchyProject__c,HierarchyProject__r.KBCExtID__c,KBCard__c,KBCard__c,KBCExtID__c,SFLL-000006
2023-01-02  11:33:13.774,a015e00000U1UvwAAF,ParentKBCard__c,ParentKBCard__r.KBCExtID__c,KBCard__c,KBCard__c,KBCExtID__c,IE_S-001
2023-01-02  11:33:13.774,a015e00000U1UvxAAF,HierarchyCapability__c,HierarchyCapability__r.KBCExtID__c,KBCard__c,KBCard__c,KBCExtID__c,IE_S-001
2023-01-02  11:33:13.774,a015e00000U1UvxAAF,HierarchyProject__c,HierarchyProject__r.KBCExtID__c,KBCard__c,KBCard__c,KBCExtID__c,SFLL-000006
2023-01-02  11:33:13.774,a015e00000U1UvxAAF,ParentKBCard__c,ParentKBCard__r.KBCExtID__c,KBCard__c,KBCard__c,KBCExtID__c,IE_S-001
2023-01-02  11:33:13.774,a015e00000U1VH2AAN,HierarchyCapability__c,HierarchyCapability__r.KBCExtID__c,KBCard__c,KBCard__c,KBCExtID__c,IE_S-001
2023-01-02  11:33:13.774,a015e00000U1VH2AAN,HierarchyEpic__c,HierarchyEpic__r.KBCExtID__c,KBCard__c,KBCard__c,KBCExtID__c,EPC00000086
2023-01-02  11:33:13.774,a015e00000U1VH2AAN,HierarchyFeature__c,HierarchyFeature__r.KBCExtID__c,KBCard__c,KBCard__c,KBCExtID__c,FEA00000092
2023-01-02  11:33:13.774,a015e00000U1VH2AAN,HierarchyProject__c,HierarchyProject__r.KBCExtID__c,KBCard__c,KBCard__c,KBCExtID__c,SFLL-000006
2023-01-02  11:33:13.774,a015e00000U1VH2AAN,ParentKBCard__c,ParentKBCard__r.KBCExtID__c,KBCard__c,KBCard__c,KBCExtID__c,FEA00000092
2023-01-02  11:33:13.774,a015e00000U1VH3AAN,HierarchyCapability__c,HierarchyCapability__r.KBCExtID__c,KBCard__c,KBCard__c,KBCExtID__c,IE_S-001
2023-01-02  11:33:13.774,a015e00000U1VH3AAN,HierarchyEpic__c,HierarchyEpic__r.KBCExtID__c,KBCard__c,KBCard__c,KBCExtID__c,EPC00000086
2023-01-02  11:33:13.774,a015e00000U1VH3AAN,HierarchyFeature__c,HierarchyFeature__r.KBCExtID__c,KBCard__c,KBCard__c,KBCExtID__c,FEA00000092
2023-01-02  11:33:13.774,a015e00000U1VH3AAN,HierarchyProject__c,HierarchyProject__r.KBCExtID__c,KBCard__c,KBCard__c,KBCExtID__c,SFLL-000006
2023-01-02  11:33:13.774,a015e00000U1VH3AAN,ParentKBCard__c,ParentKBCard__r.KBCExtID__c,KBCard__c,KBCard__c,KBCExtID__c,FEA00000092
2023-01-02  11:33:13.774,a015e00000U1VH4AAN,HierarchyCapability__c,HierarchyCapability__r.KBCExtID__c,KBCard__c,KBCard__c,KBCExtID__c,IE_S-001
2023-01-02  11:33:13.774,a015e00000U1VH4AAN,HierarchyEpic__c,HierarchyEpic__r.KBCExtID__c,KBCard__c,KBCard__c,KBCExtID__c,EPC00000086
2023-01-02  11:33:13.774,a015e00000U1VH4AAN,HierarchyFeature__c,HierarchyFeature__r.KBCExtID__c,KBCard__c,KBCard__c,KBCExtID__c,FEA00000092
2023-01-02  11:33:13.774,a015e00000U1VH4AAN,HierarchyProject__c,HierarchyProject__r.KBCExtID__c,KBCard__c,KBCard__c,KBCExtID__c,SFLL-000006
2023-01-02  11:33:13.774,a015e00000U1VH4AAN,ParentKBCard__c,ParentKBCard__r.KBCExtID__c,KBCard__c,KBCard__c,KBCExtID__c,FEA00000092
2023-01-02  11:33:13.774,a015e00000U1VIOAA3,HierarchyCapability__c,HierarchyCapability__r.KBCExtID__c,KBCard__c,KBCard__c,KBCExtID__c,IE_S-001
2023-01-02  11:33:13.774,a015e00000U1VIOAA3,HierarchyEpic__c,HierarchyEpic__r.KBCExtID__c,KBCard__c,KBCard__c,KBCExtID__c,EPC00000087
2023-01-02  11:33:13.774,a015e00000U1VIOAA3,HierarchyFeature__c,HierarchyFeature__r.KBCExtID__c,KBCard__c,KBCard__c,KBCExtID__c,FEA00000093
2023-01-02  11:33:13.774,a015e00000U1VIOAA3,HierarchyProject__c,HierarchyProject__r.KBCExtID__c,KBCard__c,KBCard__c,KBCExtID__c,SFLL-000006
2023-01-02  11:33:13.774,a015e00000U1VIOAA3,ParentKBCard__c,ParentKBCard__r.KBCExtID__c,KBCard__c,KBCard__c,KBCExtID__c,FEA00000093
2023-01-02  11:33:13.774,a015e00000U1VEqAAN,HierarchyCapability__c,HierarchyCapability__r.KBCExtID__c,KBCard__c,KBCard__c,KBCExtID__c,IE_S-001
2023-01-02  11:33:13.775,a015e00000U1VEqAAN,HierarchyEpic__c,HierarchyEpic__r.KBCExtID__c,KBCard__c,KBCard__c,KBCExtID__c,EPC00000085
2023-01-02  11:33:13.775,a015e00000U1VEqAAN,HierarchyFeature__c,HierarchyFeature__r.KBCExtID__c,KBCard__c,KBCard__c,KBCExtID__c,FEA00000091
2023-01-02  11:33:13.775,a015e00000U1VEqAAN,HierarchyProject__c,HierarchyProject__r.KBCExtID__c,KBCard__c,KBCard__c,KBCExtID__c,SFLL-000006
2023-01-02  11:33:13.775,a015e00000U1VEqAAN,ParentKBCard__c,ParentKBCard__r.KBCExtID__c,KBCard__c,KBCard__c,KBCExtID__c,FEA00000091
2023-01-02  11:33:13.775,a015e00000U1VErAAN,HierarchyCapability__c,HierarchyCapability__r.KBCExtID__c,KBCard__c,KBCard__c,KBCExtID__c,IE_S-001
2023-01-02  11:33:13.775,a015e00000U1VErAAN,HierarchyEpic__c,HierarchyEpic__r.KBCExtID__c,KBCard__c,KBCard__c,KBCExtID__c,EPC00000085
2023-01-02  11:33:13.775,a015e00000U1VErAAN,HierarchyFeature__c,HierarchyFeature__r.KBCExtID__c,KBCard__c,KBCard__c,KBCExtID__c,FEA00000091
2023-01-02  11:33:13.775,a015e00000U1VErAAN,HierarchyProject__c,HierarchyProject__r.KBCExtID__c,KBCard__c,KBCard__c,KBCExtID__c,SFLL-000006
2023-01-02  11:33:13.775,a015e00000U1VErAAN,ParentKBCard__c,ParentKBCard__r.KBCExtID__c,KBCard__c,KBCard__c,KBCExtID__c,FEA00000091
2023-01-02  11:33:13.775,a015e00000U1VHNAA3,HierarchyCapability__c,HierarchyCapability__r.KBCExtID__c,KBCard__c,KBCard__c,KBCExtID__c,IE_S-001
2023-01-02  11:33:13.775,a015e00000U1VHNAA3,HierarchyEpic__c,HierarchyEpic__r.KBCExtID__c,KBCard__c,KBCard__c,KBCExtID__c,EPC00000086
2023-01-02  11:33:13.775,a015e00000U1VHNAA3,HierarchyFeature__c,HierarchyFeature__r.KBCExtID__c,KBCard__c,KBCard__c,KBCExtID__c,FEA00000092
2023-01-02  11:33:13.775,a015e00000U1VHNAA3,HierarchyProject__c,HierarchyProject__r.KBCExtID__c,KBCard__c,KBCard__c,KBCExtID__c,SFLL-000006
2023-01-02  11:33:13.775,a015e00000U1VHNAA3,ParentKBCard__c,ParentKBCard__r.KBCExtID__c,KBCard__c,KBCard__c,KBCExtID__c,FEA00000092
2023-01-02  11:33:13.775,a015e00000U1VGsAAN,HierarchyCapability__c,HierarchyCapability__r.KBCExtID__c,KBCard__c,KBCard__c,KBCExtID__c,IE_S-001
2023-01-02  11:33:13.775,a015e00000U1VGsAAN,HierarchyEpic__c,HierarchyEpic__r.KBCExtID__c,KBCard__c,KBCard__c,KBCExtID__c,EPC00000086
2023-01-02  11:33:13.775,a015e00000U1VGsAAN,HierarchyFeature__c,HierarchyFeature__r.KBCExtID__c,KBCard__c,KBCard__c,KBCExtID__c,FEA00000092
2023-01-02  11:33:13.775,a015e00000U1VGsAAN,HierarchyProject__c,HierarchyProject__r.KBCExtID__c,KBCard__c,KBCard__c,KBCExtID__c,SFLL-000006
2023-01-02  11:33:13.775,a015e00000U1VGsAAN,ParentKBCard__c,ParentKBCard__r.KBCExtID__c,KBCard__c,KBCard__c,KBCExtID__c,FEA00000092
2023-01-02  11:33:13.775,a015e00000Rr68qAAB,HierarchyCapability__c,HierarchyCapability__r.KBCExtID__c,KBCard__c,KBCard__c,KBCExtID__c,IE_S-007
2023-01-02  11:33:13.775,a015e00000Rr68qAAB,HierarchyEpic__c,HierarchyEpic__r.KBCExtID__c,KBCard__c,KBCard__c,KBCExtID__c,IESPM-0002
2023-01-02  11:33:13.775,a015e00000Rr68qAAB,HierarchyFeature__c,HierarchyFeature__r.KBCExtID__c,KBCard__c,KBCard__c,KBCExtID__c,IESPMF-0003
2023-01-02  11:33:13.775,a015e00000Rr68qAAB,HierarchyProject__c,HierarchyProject__r.KBCExtID__c,KBCard__c,KBCard__c,KBCExtID__c,SFLL-000006
2023-01-02  11:33:13.775,a015e00000Rr68qAAB,ParentKBCard__c,ParentKBCard__r.KBCExtID__c,KBCard__c,KBCard__c,KBCExtID__c,IESPMF-0003
2023-01-02  11:33:13.775,a015e00000U1VENAA3,HierarchyCapability__c,HierarchyCapability__r.KBCExtID__c,KBCard__c,KBCard__c,KBCExtID__c,IE_S-001
2023-01-02  11:33:13.775,a015e00000U1VENAA3,HierarchyEpic__c,HierarchyEpic__r.KBCExtID__c,KBCard__c,KBCard__c,KBCExtID__c,EPC00000084
2023-01-02  11:33:13.775,a015e00000U1VENAA3,HierarchyProject__c,HierarchyProject__r.KBCExtID__c,KBCard__c,KBCard__c,KBCExtID__c,SFLL-000006
2023-01-02  11:33:13.775,a015e00000U1VENAA3,ParentKBCard__c,ParentKBCard__r.KBCExtID__c,KBCard__c,KBCard__c,KBCExtID__c,EPC00000084
2023-01-02  11:33:13.775,a015e00000U1VIDAA3,HierarchyCapability__c,HierarchyCapability__r.KBCExtID__c,KBCard__c,KBCard__c,KBCExtID__c,IE_S-001
2023-01-02  11:33:13.775,a015e00000U1VIDAA3,HierarchyEpic__c,HierarchyEpic__r.KBCExtID__c,KBCard__c,KBCard__c,KBCExtID__c,EPC00000087
2023-01-02  11:33:13.775,a015e00000U1VIDAA3,HierarchyFeature__c,HierarchyFeature__r.KBCExtID__c,KBCard__c,KBCard__c,KBCExtID__c,FEA00000093
2023-01-02  11:33:13.775,a015e00000U1VIDAA3,HierarchyProject__c,HierarchyProject__r.KBCExtID__c,KBCard__c,KBCard__c,KBCExtID__c,SFLL-000006
2023-01-02  11:33:13.775,a015e00000U1VIDAA3,ParentKBCard__c,ParentKBCard__r.KBCExtID__c,KBCard__c,KBCard__c,KBCExtID__c,FEA00000093
2023-01-02  11:33:13.775,a015e00000U1VIEAA3,HierarchyCapability__c,HierarchyCapability__r.KBCExtID__c,KBCard__c,KBCard__c,KBCExtID__c,IE_S-001
2023-01-02  11:33:13.775,a015e00000U1VIEAA3,HierarchyEpic__c,HierarchyEpic__r.KBCExtID__c,KBCard__c,KBCard__c,KBCExtID__c,EPC00000087
2023-01-02  11:33:13.775,a015e00000U1VIEAA3,HierarchyFeature__c,HierarchyFeature__r.KBCExtID__c,KBCard__c,KBCard__c,KBCExtID__c,FEA00000094
2023-01-02  11:33:13.775,a015e00000U1VIEAA3,HierarchyProject__c,HierarchyProject__r.KBCExtID__c,KBCard__c,KBCard__c,KBCExtID__c,SFLL-000006
2023-01-02  11:33:13.775,a015e00000U1VIEAA3,ParentKBCard__c,ParentKBCard__r.KBCExtID__c,KBCard__c,KBCard__c,KBCExtID__c,FEA00000094
2023-01-02  11:33:13.775,a015e00000U1VIFAA3,HierarchyCapability__c,HierarchyCapability__r.KBCExtID__c,KBCard__c,KBCard__c,KBCExtID__c,IE_S-001
2023-01-02  11:33:13.775,a015e00000U1VIFAA3,HierarchyEpic__c,HierarchyEpic__r.KBCExtID__c,KBCard__c,KBCard__c,KBCExtID__c,EPC00000087
2023-01-02  11:33:13.775,a015e00000U1VIFAA3,HierarchyFeature__c,HierarchyFeature__r.KBCExtID__c,KBCard__c,KBCard__c,KBCExtID__c,FEA00000095
2023-01-02  11:33:13.775,a015e00000U1VIFAA3,HierarchyProject__c,HierarchyProject__r.KBCExtID__c,KBCard__c,KBCard__c,KBCExtID__c,SFLL-000006
2023-01-02  11:33:13.775,a015e00000U1VIFAA3,ParentKBCard__c,ParentKBCard__r.KBCExtID__c,KBCard__c,KBCard__c,KBCExtID__c,FEA00000095
2023-01-02  11:33:13.775,a015e00000U1VEOAA3,HierarchyCapability__c,HierarchyCapability__r.KBCExtID__c,KBCard__c,KBCard__c,KBCExtID__c,IE_S-001
2023-01-02  11:33:13.775,a015e00000U1VEOAA3,HierarchyEpic__c,HierarchyEpic__r.KBCExtID__c,KBCard__c,KBCard__c,KBCExtID__c,EPC00000086
2023-01-02  11:33:13.775,a015e00000U1VEOAA3,HierarchyFeature__c,HierarchyFeature__r.KBCExtID__c,KBCard__c,KBCard__c,KBCExtID__c,FEA00000092
2023-01-02  11:33:13.775,a015e00000U1VEOAA3,HierarchyProject__c,HierarchyProject__r.KBCExtID__c,KBCard__c,KBCard__c,KBCExtID__c,SFLL-000006
2023-01-02  11:33:13.775,a015e00000U1VEOAA3,ParentKBCard__c,ParentKBCard__r.KBCExtID__c,KBCard__c,KBCard__c,KBCExtID__c,FEA00000092
2023-01-02  11:33:13.775,a015e00000U1VEPAA3,HierarchyCapability__c,HierarchyCapability__r.KBCExtID__c,KBCard__c,KBCard__c,KBCExtID__c,IE_S-001
2023-01-02  11:33:13.775,a015e00000U1VEPAA3,HierarchyEpic__c,HierarchyEpic__r.KBCExtID__c,KBCard__c,KBCard__c,KBCExtID__c,EPC00000086
2023-01-02  11:33:13.776,a015e00000U1VEPAA3,HierarchyFeature__c,HierarchyFeature__r.KBCExtID__c,KBCard__c,KBCard__c,KBCExtID__c,FEA00000092
2023-01-02  11:33:13.776,a015e00000U1VEPAA3,HierarchyProject__c,HierarchyProject__r.KBCExtID__c,KBCard__c,KBCard__c,KBCExtID__c,SFLL-000006
2023-01-02  11:33:13.776,a015e00000U1VEPAA3,ParentKBCard__c,ParentKBCard__r.KBCExtID__c,KBCard__c,KBCard__c,KBCExtID__c,FEA00000092
2023-01-02  11:33:13.776,a015e00000U1VGBAA3,HierarchyCapability__c,HierarchyCapability__r.KBCExtID__c,KBCard__c,KBCard__c,KBCExtID__c,IE_S-001
2023-01-02  11:33:13.776,a015e00000U1VGBAA3,HierarchyEpic__c,HierarchyEpic__r.KBCExtID__c,KBCard__c,KBCard__c,KBCExtID__c,EPC00000085
2023-01-02  11:33:13.776,a015e00000U1VGBAA3,HierarchyFeature__c,HierarchyFeature__r.KBCExtID__c,KBCard__c,KBCard__c,KBCExtID__c,FEA00000091
2023-01-02  11:33:13.776,a015e00000U1VGBAA3,HierarchyProject__c,HierarchyProject__r.KBCExtID__c,KBCard__c,KBCard__c,KBCExtID__c,SFLL-000006
2023-01-02  11:33:13.776,a015e00000U1VGBAA3,ParentKBCard__c,ParentKBCard__r.KBCExtID__c,KBCard__c,KBCard__c,KBCExtID__c,FEA00000091
2023-01-02  11:33:13.776,a015e00000U1VGCAA3,HierarchyCapability__c,HierarchyCapability__r.KBCExtID__c,KBCard__c,KBCard__c,KBCExtID__c,IE_S-001
2023-01-02  11:33:13.776,a015e00000U1VGCAA3,HierarchyEpic__c,HierarchyEpic__r.KBCExtID__c,KBCard__c,KBCard__c,KBCExtID__c,EPC00000087
2023-01-02  11:33:13.776,a015e00000U1VGCAA3,HierarchyFeature__c,HierarchyFeature__r.KBCExtID__c,KBCard__c,KBCard__c,KBCExtID__c,FEA00000094
2023-01-02  11:33:13.776,a015e00000U1VGCAA3,HierarchyProject__c,HierarchyProject__r.KBCExtID__c,KBCard__c,KBCard__c,KBCExtID__c,SFLL-000006
2023-01-02  11:33:13.776,a015e00000U1VGCAA3,ParentKBCard__c,ParentKBCard__r.KBCExtID__c,KBCard__c,KBCard__c,KBCExtID__c,FEA00000094
2023-01-02  11:33:13.776,a015e00000U1VG0AAN,HierarchyCapability__c,HierarchyCapability__r.KBCExtID__c,KBCard__c,KBCard__c,KBCExtID__c,IE_S-001
2023-01-02  11:33:13.776,a015e00000U1VG0AAN,HierarchyEpic__c,HierarchyEpic__r.KBCExtID__c,KBCard__c,KBCard__c,KBCExtID__c,EPC00000085
2023-01-02  11:33:13.776,a015e00000U1VG0AAN,HierarchyFeature__c,HierarchyFeature__r.KBCExtID__c,KBCard__c,KBCard__c,KBCExtID__c,FEA00000091
2023-01-02  11:33:13.776,a015e00000U1VG0AAN,HierarchyProject__c,HierarchyProject__r.KBCExtID__c,KBCard__c,KBCard__c,KBCExtID__c,SFLL-000006
2023-01-02  11:33:13.776,a015e00000U1VG0AAN,ParentKBCard__c,ParentKBCard__r.KBCExtID__c,KBCard__c,KBCard__c,KBCExtID__c,FEA00000091
2023-01-02  11:33:13.776,a015e00000U1UzsAAF,HierarchyCapability__c,HierarchyCapability__r.KBCExtID__c,KBCard__c,KBCard__c,KBCExtID__c,IE_S-001
2023-01-02  11:33:13.776,a015e00000U1UzsAAF,HierarchyEpic__c,HierarchyEpic__r.KBCExtID__c,KBCard__c,KBCard__c,KBCExtID__c,EPC00000087
2023-01-02  11:33:13.776,a015e00000U1UzsAAF,HierarchyProject__c,HierarchyProject__r.KBCExtID__c,KBCard__c,KBCard__c,KBCExtID__c,SFLL-000006
2023-01-02  11:33:13.776,a015e00000U1UzsAAF,ParentKBCard__c,ParentKBCard__r.KBCExtID__c,KBCard__c,KBCard__c,KBCExtID__c,EPC00000087
2023-01-02  11:33:13.776,a015e00000U1UzRAAV,HierarchyCapability__c,HierarchyCapability__r.KBCExtID__c,KBCard__c,KBCard__c,KBCExtID__c,IE_S-001
2023-01-02  11:33:13.776,a015e00000U1UzRAAV,HierarchyEpic__c,HierarchyEpic__r.KBCExtID__c,KBCard__c,KBCard__c,KBCExtID__c,EPC00000084
2023-01-02  11:33:13.776,a015e00000U1UzRAAV,HierarchyFeature__c,HierarchyFeature__r.KBCExtID__c,KBCard__c,KBCard__c,KBCExtID__c,FEA00000090
2023-01-02  11:33:13.776,a015e00000U1UzRAAV,HierarchyProject__c,HierarchyProject__r.KBCExtID__c,KBCard__c,KBCard__c,KBCExtID__c,SFLL-000006
2023-01-02  11:33:13.776,a015e00000U1UzRAAV,ParentKBCard__c,ParentKBCard__r.KBCExtID__c,KBCard__c,KBCard__c,KBCExtID__c,FEA00000090
2023-01-02  11:33:13.776,a015e00000U1UzrAAF,HierarchyCapability__c,HierarchyCapability__r.KBCExtID__c,KBCard__c,KBCard__c,KBCExtID__c,IE_S-001
2023-01-02  11:33:13.776,a015e00000U1UzrAAF,HierarchyEpic__c,HierarchyEpic__r.KBCExtID__c,KBCard__c,KBCard__c,KBCExtID__c,EPC00000087
2023-01-02  11:33:13.776,a015e00000U1UzrAAF,HierarchyProject__c,HierarchyProject__r.KBCExtID__c,KBCard__c,KBCard__c,KBCExtID__c,SFLL-000006
2023-01-02  11:33:13.776,a015e00000U1UzrAAF,ParentKBCard__c,ParentKBCard__r.KBCExtID__c,KBCard__c,KBCard__c,KBCExtID__c,EPC00000087
2023-01-02  11:33:13.776,a015e00000U1UzQAAV,HierarchyCapability__c,HierarchyCapability__r.KBCExtID__c,KBCard__c,KBCard__c,KBCExtID__c,IE_S-001
2023-01-02  11:33:13.776,a015e00000U1UzQAAV,HierarchyEpic__c,HierarchyEpic__r.KBCExtID__c,KBCard__c,KBCard__c,KBCExtID__c,EPC00000086
2023-01-02  11:33:13.776,a015e00000U1UzQAAV,HierarchyProject__c,HierarchyProject__r.KBCExtID__c,KBCard__c,KBCard__c,KBCExtID__c,SFLL-000006
2023-01-02  11:33:13.776,a015e00000U1UzQAAV,ParentKBCard__c,ParentKBCard__r.KBCExtID__c,KBCard__c,KBCard__c,KBCExtID__c,EPC00000086
2023-01-02  11:33:13.776,a015e00000U1UvrAAF,HierarchyCapability__c,HierarchyCapability__r.KBCExtID__c,KBCard__c,KBCard__c,KBCExtID__c,IE_S-001
2023-01-02  11:33:13.776,a015e00000U1UvrAAF,HierarchyProject__c,HierarchyProject__r.KBCExtID__c,KBCard__c,KBCard__c,KBCExtID__c,SFLL-000006
2023-01-02  11:33:13.776,a015e00000U1UvrAAF,ParentKBCard__c,ParentKBCard__r.KBCExtID__c,KBCard__c,KBCard__c,KBCExtID__c,IE_S-001
2023-01-02  11:33:13.776,a015e00000U1RAeAAN,HierarchyCapability__c,HierarchyCapability__r.KBCExtID__c,KBCard__c,KBCard__c,KBCExtID__c,IE_S-001
2023-01-02  11:33:13.776,a015e00000U1RAeAAN,HierarchyProject__c,HierarchyProject__r.KBCExtID__c,KBCard__c,KBCard__c,KBCExtID__c,SFLL-000006
2023-01-02  11:33:13.776,a015e00000U1RAeAAN,ParentKBCard__c,ParentKBCard__r.KBCExtID__c,KBCard__c,KBCard__c,KBCExtID__c,IE_S-001
2023-01-02  11:33:13.776,a015e00000U1qnjAAB,HierarchyCapability__c,HierarchyCapability__r.KBCExtID__c,KBCard__c,KBCard__c,KBCExtID__c,IE_S-007
2023-01-02  11:33:13.776,a015e00000U1qnjAAB,HierarchyEpic__c,HierarchyEpic__r.KBCExtID__c,KBCard__c,KBCard__c,KBCExtID__c,IESPM-0002
2023-01-02  11:33:13.776,a015e00000U1qnjAAB,HierarchyFeature__c,HierarchyFeature__r.KBCExtID__c,KBCard__c,KBCard__c,KBCExtID__c,IESPMF-0002
2023-01-02  11:33:13.776,a015e00000U1qnjAAB,HierarchyProject__c,HierarchyProject__r.KBCExtID__c,KBCard__c,KBCard__c,KBCExtID__c,SFLL-000006
2023-01-02  11:33:13.776,a015e00000U1qnjAAB,ParentKBCard__c,ParentKBCard__r.KBCExtID__c,KBCard__c,KBCard__c,KBCExtID__c,IESPMF-0002
2023-01-02  11:33:13.776,a015e00000Zic0OAAR,HierarchyCapability__c,HierarchyCapability__r.KBCExtID__c,KBCard__c,KBCard__c,KBCExtID__c,IE_S-001
2023-01-02  11:33:13.776,a015e00000Zic0OAAR,HierarchyEpic__c,HierarchyEpic__r.KBCExtID__c,KBCard__c,KBCard__c,KBCExtID__c,EPC00000087
2023-01-02  11:33:13.776,a015e00000Zic0OAAR,HierarchyFeature__c,HierarchyFeature__r.KBCExtID__c,KBCard__c,KBCard__c,KBCExtID__c,FEA00000093
2023-01-02  11:33:13.776,a015e00000Zic0OAAR,HierarchyProject__c,HierarchyProject__r.KBCExtID__c,KBCard__c,KBCard__c,KBCExtID__c,SFLL-000006
2023-01-02  11:33:13.776,a015e00000Zic0OAAR,ParentKBCard__c,ParentKBCard__r.KBCExtID__c,KBCard__c,KBCard__c,KBCExtID__c,FEA00000093
2023-01-02  11:33:13.776,a015e00000Rr9DDAAZ,HierarchyCapability__c,HierarchyCapability__r.KBCExtID__c,KBCard__c,KBCard__c,KBCExtID__c,IE_S-007
2023-01-02  11:33:13.776,a015e00000Rr9DDAAZ,HierarchyEpic__c,HierarchyEpic__r.KBCExtID__c,KBCard__c,KBCard__c,KBCExtID__c,IESPM-0002
2023-01-02  11:33:13.776,a015e00000Rr9DDAAZ,HierarchyFeature__c,HierarchyFeature__r.KBCExtID__c,KBCard__c,KBCard__c,KBCExtID__c,IESPMF-0003
2023-01-02  11:33:13.776,a015e00000Rr9DDAAZ,HierarchyProject__c,HierarchyProject__r.KBCExtID__c,KBCard__c,KBCard__c,KBCExtID__c,SFLL-000006
2023-01-02  11:33:13.776,a015e00000Rr9DDAAZ,ParentKBCard__c,ParentKBCard__r.KBCExtID__c,KBCard__c,KBCard__c,KBCExtID__c,IESPMF-0003
2023-01-02  11:33:13.776,a015e00000ZibzuAAB,HierarchyCapability__c,HierarchyCapability__r.KBCExtID__c,KBCard__c,KBCard__c,KBCExtID__c,IE_S-001
2023-01-02  11:33:13.777,a015e00000ZibzuAAB,HierarchyProject__c,HierarchyProject__r.KBCExtID__c,KBCard__c,KBCard__c,KBCExtID__c,SFLL-000006
2023-01-02  11:33:13.777,a015e00000ZibzuAAB,ParentKBCard__c,ParentKBCard__r.KBCExtID__c,KBCard__c,KBCard__c,KBCExtID__c,IE_S-001
2023-01-02  11:33:13.777,a015e00000ZibzpAAB,HierarchyCapability__c,HierarchyCapability__r.KBCExtID__c,KBCard__c,KBCard__c,KBCExtID__c,IE_S-001
2023-01-02  11:33:13.777,a015e00000ZibzpAAB,HierarchyEpic__c,HierarchyEpic__r.KBCExtID__c,KBCard__c,KBCard__c,KBCExtID__c,EPC00000087
2023-01-02  11:33:13.777,a015e00000ZibzpAAB,HierarchyFeature__c,HierarchyFeature__r.KBCExtID__c,KBCard__c,KBCard__c,KBCExtID__c,FEA00000093
2023-01-02  11:33:13.777,a015e00000ZibzpAAB,HierarchyProject__c,HierarchyProject__r.KBCExtID__c,KBCard__c,KBCard__c,KBCExtID__c,SFLL-000006
2023-01-02  11:33:13.777,a015e00000ZibzpAAB,ParentKBCard__c,ParentKBCard__r.KBCExtID__c,KBCard__c,KBCard__c,KBCExtID__c,FEA00000093
2023-01-02  11:33:13.777,a015e00000ZibzqAAB,HierarchyCapability__c,HierarchyCapability__r.KBCExtID__c,KBCard__c,KBCard__c,KBCExtID__c,IE_S-001
2023-01-02  11:33:13.777,a015e00000ZibzqAAB,HierarchyEpic__c,HierarchyEpic__r.KBCExtID__c,KBCard__c,KBCard__c,KBCExtID__c,EPC00000088
2023-01-02  11:33:13.777,a015e00000ZibzqAAB,HierarchyProject__c,HierarchyProject__r.KBCExtID__c,KBCard__c,KBCard__c,KBCExtID__c,SFLL-000006
2023-01-02  11:33:13.777,a015e00000ZibzqAAB,ParentKBCard__c,ParentKBCard__r.KBCExtID__c,KBCard__c,KBCard__c,KBCExtID__c,EPC00000088
2023-01-02  11:33:13.777,a015e00000ZibzzAAB,HierarchyCapability__c,HierarchyCapability__r.KBCExtID__c,KBCard__c,KBCard__c,KBCExtID__c,IE_S-001
2023-01-02  11:33:13.777,a015e00000ZibzzAAB,HierarchyEpic__c,HierarchyEpic__r.KBCExtID__c,KBCard__c,KBCard__c,KBCExtID__c,EPC00000088
2023-01-02  11:33:13.777,a015e00000ZibzzAAB,HierarchyFeature__c,HierarchyFeature__r.KBCExtID__c,KBCard__c,KBCard__c,KBCExtID__c,FEA00000300
2023-01-02  11:33:13.777,a015e00000ZibzzAAB,HierarchyProject__c,HierarchyProject__r.KBCExtID__c,KBCard__c,KBCard__c,KBCExtID__c,SFLL-000006
2023-01-02  11:33:13.777,a015e00000ZibzzAAB,ParentKBCard__c,ParentKBCard__r.KBCExtID__c,KBCard__c,KBCard__c,KBCExtID__c,FEA00000300
2023-01-02  11:33:13.777,a015e00000RsAPTAA3,HierarchyCapability__c,HierarchyCapability__r.KBCExtID__c,KBCard__c,KBCard__c,KBCExtID__c,IE_S-007
2023-01-02  11:33:13.777,a015e00000RsAPTAA3,HierarchyEpic__c,HierarchyEpic__r.KBCExtID__c,KBCard__c,KBCard__c,KBCExtID__c,IESPM-0001
2023-01-02  11:33:13.777,a015e00000RsAPTAA3,HierarchyFeature__c,HierarchyFeature__r.KBCExtID__c,KBCard__c,KBCard__c,KBCExtID__c,IESPMF-0001
2023-01-02  11:33:13.777,a015e00000RsAPTAA3,HierarchyProject__c,HierarchyProject__r.KBCExtID__c,KBCard__c,KBCard__c,KBCExtID__c,SFLL-000006
2023-01-02  11:33:13.777,a015e00000RsAPTAA3,ParentKBCard__c,ParentKBCard__r.KBCExtID__c,KBCard__c,KBCard__c,KBCExtID__c,IESPMF-0001
2023-01-02  11:33:13.777,a015e00000RpMmbAAF,HierarchyCapability__c,HierarchyCapability__r.KBCExtID__c,KBCard__c,KBCard__c,KBCExtID__c,IE_S-007
2023-01-02  11:33:13.777,a015e00000RpMmbAAF,HierarchyEpic__c,HierarchyEpic__r.KBCExtID__c,KBCard__c,KBCard__c,KBCExtID__c,IESPM-0004
2023-01-02  11:33:13.777,a015e00000RpMmbAAF,HierarchyProject__c,HierarchyProject__r.KBCExtID__c,KBCard__c,KBCard__c,KBCExtID__c,SFLL-000006
2023-01-02  11:33:13.777,a015e00000RpMmbAAF,ParentKBCard__c,ParentKBCard__r.KBCExtID__c,KBCard__c,KBCard__c,KBCExtID__c,IESPM-0004
2023-01-02  11:33:13.777,a015e00000RpMnOAAV,HierarchyCapability__c,HierarchyCapability__r.KBCExtID__c,KBCard__c,KBCard__c,KBCExtID__c,IE_S-007
2023-01-02  11:33:13.777,a015e00000RpMnOAAV,HierarchyEpic__c,HierarchyEpic__r.KBCExtID__c,KBCard__c,KBCard__c,KBCExtID__c,IESPM-0002
2023-01-02  11:33:13.777,a015e00000RpMnOAAV,HierarchyFeature__c,HierarchyFeature__r.KBCExtID__c,KBCard__c,KBCard__c,KBCExtID__c,IESPMF-0002
2023-01-02  11:33:13.777,a015e00000RpMnOAAV,HierarchyProject__c,HierarchyProject__r.KBCExtID__c,KBCard__c,KBCard__c,KBCExtID__c,SFLL-000006
2023-01-02  11:33:13.777,a015e00000RpMnOAAV,ParentKBCard__c,ParentKBCard__r.KBCExtID__c,KBCard__c,KBCard__c,KBCExtID__c,IESPMF-0002
2023-01-02  11:33:13.778,a015e00000RpMlrAAF,HierarchyProject__c,HierarchyProject__r.KBCExtID__c,KBCard__c,KBCard__c,KBCExtID__c,SFLL-000006
2023-01-02  11:33:13.778,a015e00000RpMlrAAF,ParentKBCard__c,ParentKBCard__r.KBCExtID__c,KBCard__c,KBCard__c,KBCExtID__c,SFLL-000006
2023-01-02  11:33:13.778,a015e00000RpMlsAAF,HierarchyProject__c,HierarchyProject__r.KBCExtID__c,KBCard__c,KBCard__c,KBCExtID__c,SFLL-000006
2023-01-02  11:33:13.778,a015e00000RpMlsAAF,ParentKBCard__c,ParentKBCard__r.KBCExtID__c,KBCard__c,KBCard__c,KBCExtID__c,SFLL-000006
2023-01-02  11:33:13.778,a015e00000RpMltAAF,HierarchyCapability__c,HierarchyCapability__r.KBCExtID__c,KBCard__c,KBCard__c,KBCExtID__c,IE_S-007
2023-01-02  11:33:13.778,a015e00000RpMltAAF,HierarchyProject__c,HierarchyProject__r.KBCExtID__c,KBCard__c,KBCard__c,KBCExtID__c,SFLL-000006
2023-01-02  11:33:13.778,a015e00000RpMltAAF,ParentKBCard__c,ParentKBCard__r.KBCExtID__c,KBCard__c,KBCard__c,KBCExtID__c,IE_S-007
2023-01-02  11:33:13.778,a015e00000RpMluAAF,HierarchyCapability__c,HierarchyCapability__r.KBCExtID__c,KBCard__c,KBCard__c,KBCExtID__c,IE_S-007
2023-01-02  11:33:13.778,a015e00000RpMluAAF,HierarchyProject__c,HierarchyProject__r.KBCExtID__c,KBCard__c,KBCard__c,KBCExtID__c,SFLL-000006
2023-01-02  11:33:13.778,a015e00000RpMluAAF,ParentKBCard__c,ParentKBCard__r.KBCExtID__c,KBCard__c,KBCard__c,KBCExtID__c,IE_S-007
2023-01-02  11:33:13.778,a015e00000RpMlvAAF,HierarchyCapability__c,HierarchyCapability__r.KBCExtID__c,KBCard__c,KBCard__c,KBCExtID__c,IE_S-007
2023-01-02  11:33:13.778,a015e00000RpMlvAAF,HierarchyEpic__c,HierarchyEpic__r.KBCExtID__c,KBCard__c,KBCard__c,KBCExtID__c,IESPM-0002
2023-01-02  11:33:13.778,a015e00000RpMlvAAF,HierarchyProject__c,HierarchyProject__r.KBCExtID__c,KBCard__c,KBCard__c,KBCExtID__c,SFLL-000006
2023-01-02  11:33:13.778,a015e00000RpMlvAAF,ParentKBCard__c,ParentKBCard__r.KBCExtID__c,KBCard__c,KBCard__c,KBCExtID__c,IESPM-0002
2023-01-02  11:33:13.778,a015e00000RpMmaAAF,HierarchyCapability__c,HierarchyCapability__r.KBCExtID__c,KBCard__c,KBCard__c,KBCExtID__c,IE_S-007
2023-01-02  11:33:13.778,a015e00000RpMmaAAF,HierarchyEpic__c,HierarchyEpic__r.KBCExtID__c,KBCard__c,KBCard__c,KBCExtID__c,IESPM-0003
2023-01-02  11:33:13.778,a015e00000RpMmaAAF,HierarchyProject__c,HierarchyProject__r.KBCExtID__c,KBCard__c,KBCard__c,KBCExtID__c,SFLL-000006
2023-01-02  11:33:13.778,a015e00000RpMmaAAF,ParentKBCard__c,ParentKBCard__r.KBCExtID__c,KBCard__c,KBCard__c,KBCExtID__c,IESPM-0003
2023-01-02  11:33:13.778,a015e00000RpMl5AAF,HierarchyProject__c,HierarchyProject__r.KBCExtID__c,KBCard__c,KBCard__c,KBCExtID__c,SFLL-000006
2023-01-02  11:33:13.778,a015e00000RpMl5AAF,ParentKBCard__c,ParentKBCard__r.KBCExtID__c,KBCard__c,KBCard__c,KBCExtID__c,SFLL-000006
2023-01-02  11:33:13.778,a015e00000RpMl6AAF,HierarchyCapability__c,HierarchyCapability__r.KBCExtID__c,KBCard__c,KBCard__c,KBCExtID__c,IE_S-007
2023-01-02  11:33:13.778,a015e00000RpMl6AAF,HierarchyProject__c,HierarchyProject__r.KBCExtID__c,KBCard__c,KBCard__c,KBCExtID__c,SFLL-000006
2023-01-02  11:33:13.778,a015e00000RpMl6AAF,ParentKBCard__c,ParentKBCard__r.KBCExtID__c,KBCard__c,KBCard__c,KBCExtID__c,IE_S-007
2023-01-02  11:33:13.778,a015e00000RpMmQAAV,HierarchyCapability__c,HierarchyCapability__r.KBCExtID__c,KBCard__c,KBCard__c,KBCExtID__c,IE_S-007
2023-01-02  11:33:13.778,a015e00000RpMmQAAV,HierarchyEpic__c,HierarchyEpic__r.KBCExtID__c,KBCard__c,KBCard__c,KBCExtID__c,IESPM-0002
2023-01-02  11:33:13.778,a015e00000RpMmQAAV,HierarchyProject__c,HierarchyProject__r.KBCExtID__c,KBCard__c,KBCard__c,KBCExtID__c,SFLL-000006
2023-01-02  11:33:13.778,a015e00000RpMmQAAV,ParentKBCard__c,ParentKBCard__r.KBCExtID__c,KBCard__c,KBCard__c,KBCExtID__c,IESPM-0002
2023-01-02  11:33:13.778,a015e00000RpMmRAAV,HierarchyCapability__c,HierarchyCapability__r.KBCExtID__c,KBCard__c,KBCard__c,KBCExtID__c,IE_S-007
2023-01-02  11:33:13.778,a015e00000RpMmRAAV,HierarchyEpic__c,HierarchyEpic__r.KBCExtID__c,KBCard__c,KBCard__c,KBCExtID__c,IESPM-0003
2023-01-02  11:33:13.778,a015e00000RpMmRAAV,HierarchyProject__c,HierarchyProject__r.KBCExtID__c,KBCard__c,KBCard__c,KBCExtID__c,SFLL-000006
2023-01-02  11:33:13.778,a015e00000RpMmRAAV,ParentKBCard__c,ParentKBCard__r.KBCExtID__c,KBCard__c,KBCard__c,KBCExtID__c,IESPM-0003
2023-01-02  11:33:13.778,a015e00000RpMmSAAV,HierarchyCapability__c,HierarchyCapability__r.KBCExtID__c,KBCard__c,KBCard__c,KBCExtID__c,IE_S-007
2023-01-02  11:33:13.778,a015e00000RpMmSAAV,HierarchyProject__c,HierarchyProject__r.KBCExtID__c,KBCard__c,KBCard__c,KBCExtID__c,SFLL-000006
2023-01-02  11:33:13.778,a015e00000RpMmSAAV,ParentKBCard__c,ParentKBCard__r.KBCExtID__c,KBCard__c,KBCard__c,KBCExtID__c,IE_S-007
2023-01-02  11:33:13.778,a015e00000RpMniAAF,HierarchyCapability__c,HierarchyCapability__r.KBCExtID__c,KBCard__c,KBCard__c,KBCExtID__c,IE_S-007
2023-01-02  11:33:13.778,a015e00000RpMniAAF,HierarchyEpic__c,HierarchyEpic__r.KBCExtID__c,KBCard__c,KBCard__c,KBCExtID__c,IESPM-0002
2023-01-02  11:33:13.778,a015e00000RpMniAAF,HierarchyFeature__c,HierarchyFeature__r.KBCExtID__c,KBCard__c,KBCard__c,KBCExtID__c,IESPMF-0003
2023-01-02  11:33:13.778,a015e00000RpMniAAF,HierarchyProject__c,HierarchyProject__r.KBCExtID__c,KBCard__c,KBCard__c,KBCExtID__c,SFLL-000006
2023-01-02  11:33:13.778,a015e00000RpMniAAF,ParentKBCard__c,ParentKBCard__r.KBCExtID__c,KBCard__c,KBCard__c,KBCExtID__c,IESPMF-0003
2023-01-02  11:33:13.778,a015e00000RpMkhAAF,HierarchyProject__c,HierarchyProject__r.KBCExtID__c,KBCard__c,KBCard__c,KBCExtID__c,SFLL-000006
2023-01-02  11:33:13.778,a015e00000RpMkhAAF,ParentKBCard__c,ParentKBCard__r.KBCExtID__c,KBCard__c,KBCard__c,KBCExtID__c,SFLL-000006
2023-01-02  11:33:13.779,a015e00000RpMkgAAF,HierarchyProject__c,HierarchyProject__r.KBCExtID__c,KBCard__c,KBCard__c,KBCExtID__c,SFLL-000006
2023-01-02  11:33:13.779,a015e00000RpMkgAAF,ParentKBCard__c,ParentKBCard__r.KBCExtID__c,KBCard__c,KBCard__c,KBCExtID__c,SFLL-000006
2023-01-02  11:33:13.779,a015e00000RpMmuAAF,HierarchyCapability__c,HierarchyCapability__r.KBCExtID__c,KBCard__c,KBCard__c,KBCExtID__c,IE_S-007
2023-01-02  11:33:13.779,a015e00000RpMmuAAF,HierarchyEpic__c,HierarchyEpic__r.KBCExtID__c,KBCard__c,KBCard__c,KBCExtID__c,IESPM-0001
2023-01-02  11:33:13.779,a015e00000RpMmuAAF,HierarchyFeature__c,HierarchyFeature__r.KBCExtID__c,KBCard__c,KBCard__c,KBCExtID__c,IESPMF-0001
2023-01-02  11:33:13.779,a015e00000RpMmuAAF,HierarchyProject__c,HierarchyProject__r.KBCExtID__c,KBCard__c,KBCard__c,KBCExtID__c,SFLL-000006
2023-01-02  11:33:13.779,a015e00000RpMmuAAF,ParentKBCard__c,ParentKBCard__r.KBCExtID__c,KBCard__c,KBCard__c,KBCExtID__c,IESPMF-0001
2023-01-02  11:33:13.779,a015e00000RpMmvAAF,HierarchyCapability__c,HierarchyCapability__r.KBCExtID__c,KBCard__c,KBCard__c,KBCExtID__c,IE_S-007
2023-01-02  11:33:13.779,a015e00000RpMmvAAF,HierarchyEpic__c,HierarchyEpic__r.KBCExtID__c,KBCard__c,KBCard__c,KBCExtID__c,IESPM-0001
2023-01-02  11:33:13.779,a015e00000RpMmvAAF,HierarchyFeature__c,HierarchyFeature__r.KBCExtID__c,KBCard__c,KBCard__c,KBCExtID__c,IESPMF-0001
2023-01-02  11:33:13.779,a015e00000RpMmvAAF,HierarchyProject__c,HierarchyProject__r.KBCExtID__c,KBCard__c,KBCard__c,KBCExtID__c,SFLL-000006
2023-01-02  11:33:13.779,a015e00000RpMmvAAF,ParentKBCard__c,ParentKBCard__r.KBCExtID__c,KBCard__c,KBCard__c,KBCExtID__c,IESPMF-0001
2023-01-02  11:33:13.779,a015e00000RpMlmAAF,HierarchyProject__c,HierarchyProject__r.KBCExtID__c,KBCard__c,KBCard__c,KBCExtID__c,SFLL-000006
2023-01-02  11:33:13.779,a015e00000RpMlmAAF,ParentKBCard__c,ParentKBCard__r.KBCExtID__c,KBCard__c,KBCard__c,KBCExtID__c,SFLL-000006
2023-01-02  11:33:13.779,a015e00000RpMlnAAF,HierarchyProject__c,HierarchyProject__r.KBCExtID__c,KBCard__c,KBCard__c,KBCExtID__c,SFLL-000006
2023-01-02  11:33:13.779,a015e00000RpMlnAAF,ParentKBCard__c,ParentKBCard__r.KBCExtID__c,KBCard__c,KBCard__c,KBCExtID__c,SFLL-000006
2023-01-02  11:33:13.779,a015e00000RpYppAAF,HierarchyCapability__c,HierarchyCapability__r.KBCExtID__c,KBCard__c,KBCard__c,KBCExtID__c,IE_S-007
2023-01-02  11:33:13.779,a015e00000RpYppAAF,HierarchyEpic__c,HierarchyEpic__r.KBCExtID__c,KBCard__c,KBCard__c,KBCExtID__c,IESPM-0005
2023-01-02  11:33:13.779,a015e00000RpYppAAF,HierarchyFeature__c,HierarchyFeature__r.KBCExtID__c,KBCard__c,KBCard__c,KBCExtID__c,IESPMF-0009
2023-01-02  11:33:13.779,a015e00000RpYppAAF,HierarchyProject__c,HierarchyProject__r.KBCExtID__c,KBCard__c,KBCard__c,KBCExtID__c,SFLL-000006
2023-01-02  11:33:13.779,a015e00000RpYppAAF,ParentKBCard__c,ParentKBCard__r.KBCExtID__c,KBCard__c,KBCard__c,KBCExtID__c,IESPMF-0009
2023-01-02  11:33:13.779,a015e00000RpbM9AAJ,HierarchyCapability__c,HierarchyCapability__r.KBCExtID__c,KBCard__c,KBCard__c,KBCExtID__c,IE_S-007
2023-01-02  11:33:13.779,a015e00000RpbM9AAJ,HierarchyEpic__c,HierarchyEpic__r.KBCExtID__c,KBCard__c,KBCard__c,KBCExtID__c,IESPM-0002
2023-01-02  11:33:13.779,a015e00000RpbM9AAJ,HierarchyFeature__c,HierarchyFeature__r.KBCExtID__c,KBCard__c,KBCard__c,KBCExtID__c,IESPMF-0003
2023-01-02  11:33:13.779,a015e00000RpbM9AAJ,HierarchyProject__c,HierarchyProject__r.KBCExtID__c,KBCard__c,KBCard__c,KBCExtID__c,SFLL-000006
2023-01-02  11:33:13.779,a015e00000RpbM9AAJ,ParentKBCard__c,ParentKBCard__r.KBCExtID__c,KBCard__c,KBCard__c,KBCExtID__c,IESPMF-0003
2023-01-02  11:33:13.779,a015e00000RpbMEAAZ,HierarchyCapability__c,HierarchyCapability__r.KBCExtID__c,KBCard__c,KBCard__c,KBCExtID__c,IE_S-007
2023-01-02  11:33:13.779,a015e00000RpbMEAAZ,HierarchyEpic__c,HierarchyEpic__r.KBCExtID__c,KBCard__c,KBCard__c,KBCExtID__c,IESPM-0002
2023-01-02  11:33:13.779,a015e00000RpbMEAAZ,HierarchyFeature__c,HierarchyFeature__r.KBCExtID__c,KBCard__c,KBCard__c,KBCExtID__c,IESPMF-0003
2023-01-02  11:33:13.779,a015e00000RpbMEAAZ,HierarchyProject__c,HierarchyProject__r.KBCExtID__c,KBCard__c,KBCard__c,KBCExtID__c,SFLL-000006
2023-01-02  11:33:13.779,a015e00000RpbMEAAZ,ParentKBCard__c,ParentKBCard__r.KBCExtID__c,KBCard__c,KBCard__c,KBCExtID__c,IESPMF-0003
2023-01-02  11:33:13.779,a015e00000RpbMnAAJ,HierarchyCapability__c,HierarchyCapability__r.KBCExtID__c,KBCard__c,KBCard__c,KBCExtID__c,IE_S-007
2023-01-02  11:33:13.779,a015e00000RpbMnAAJ,HierarchyEpic__c,HierarchyEpic__r.KBCExtID__c,KBCard__c,KBCard__c,KBCExtID__c,IESPM-0006
2023-01-02  11:33:13.779,a015e00000RpbMnAAJ,HierarchyFeature__c,HierarchyFeature__r.KBCExtID__c,KBCard__c,KBCard__c,KBCExtID__c,IESPMDE-1
2023-01-02  11:33:13.779,a015e00000RpbMnAAJ,HierarchyProject__c,HierarchyProject__r.KBCExtID__c,KBCard__c,KBCard__c,KBCExtID__c,SFLL-000006
2023-01-02  11:33:13.779,a015e00000RpbMnAAJ,ParentKBCard__c,ParentKBCard__r.KBCExtID__c,KBCard__c,KBCard__c,KBCExtID__c,IESPMDE-1
2023-01-02  11:33:13.779,a015e00000RpbMOAAZ,HierarchyCapability__c,HierarchyCapability__r.KBCExtID__c,KBCard__c,KBCard__c,KBCExtID__c,IE_S-007
2023-01-02  11:33:13.779,a015e00000RpbMOAAZ,HierarchyProject__c,HierarchyProject__r.KBCExtID__c,KBCard__c,KBCard__c,KBCExtID__c,SFLL-000006
2023-01-02  11:33:13.779,a015e00000RpbMOAAZ,ParentKBCard__c,ParentKBCard__r.KBCExtID__c,KBCard__c,KBCard__c,KBCExtID__c,IE_S-007
2023-01-02  11:33:13.779,a015e00000RpbPSAAZ,HierarchyCapability__c,HierarchyCapability__r.KBCExtID__c,KBCard__c,KBCard__c,KBCExtID__c,IE_S-007
2023-01-02  11:33:13.779,a015e00000RpbPSAAZ,HierarchyEpic__c,HierarchyEpic__r.KBCExtID__c,KBCard__c,KBCard__c,KBCExtID__c,IESPM-0003
2023-01-02  11:33:13.779,a015e00000RpbPSAAZ,HierarchyFeature__c,HierarchyFeature__r.KBCExtID__c,KBCard__c,KBCard__c,KBCExtID__c,IESPMF-0004
2023-01-02  11:33:13.779,a015e00000RpbPSAAZ,HierarchyProject__c,HierarchyProject__r.KBCExtID__c,KBCard__c,KBCard__c,KBCExtID__c,SFLL-000006
2023-01-02  11:33:13.779,a015e00000RpbPSAAZ,ParentKBCard__c,ParentKBCard__r.KBCExtID__c,KBCard__c,KBCard__c,KBCExtID__c,IESPMF-0004
2023-01-02  11:33:13.779,a015e00000RpbMUAAZ,HierarchyCapability__c,HierarchyCapability__r.KBCExtID__c,KBCard__c,KBCard__c,KBCExtID__c,IE_S-007
2023-01-02  11:33:13.779,a015e00000RpbMUAAZ,HierarchyEpic__c,HierarchyEpic__r.KBCExtID__c,KBCard__c,KBCard__c,KBCExtID__c,IESPM-0006
2023-01-02  11:33:13.779,a015e00000RpbMUAAZ,HierarchyFeature__c,HierarchyFeature__r.KBCExtID__c,KBCard__c,KBCard__c,KBCExtID__c,IESPMDE-1
2023-01-02  11:33:13.779,a015e00000RpbMUAAZ,HierarchyProject__c,HierarchyProject__r.KBCExtID__c,KBCard__c,KBCard__c,KBCExtID__c,SFLL-000006
2023-01-02  11:33:13.779,a015e00000RpbMUAAZ,ParentKBCard__c,ParentKBCard__r.KBCExtID__c,KBCard__c,KBCard__c,KBCExtID__c,IESPMDE-1
2023-01-02  11:33:13.779,a015e00000RpYpuAAF,HierarchyCapability__c,HierarchyCapability__r.KBCExtID__c,KBCard__c,KBCard__c,KBCExtID__c,IE_S-007
2023-01-02  11:33:13.779,a015e00000RpYpuAAF,HierarchyEpic__c,HierarchyEpic__r.KBCExtID__c,KBCard__c,KBCard__c,KBCExtID__c,IESPM-0003
2023-01-02  11:33:13.779,a015e00000RpYpuAAF,HierarchyFeature__c,HierarchyFeature__r.KBCExtID__c,KBCard__c,KBCard__c,KBCExtID__c,IESPMF-0004
2023-01-02  11:33:13.779,a015e00000RpYpuAAF,HierarchyProject__c,HierarchyProject__r.KBCExtID__c,KBCard__c,KBCard__c,KBCExtID__c,SFLL-000006
2023-01-02  11:33:13.780,a015e00000RpYpuAAF,ParentKBCard__c,ParentKBCard__r.KBCExtID__c,KBCard__c,KBCard__c,KBCExtID__c,IESPMF-0004
2023-01-02  11:33:13.780,a015e00000RpMkvAAF,HierarchyCapability__c,HierarchyCapability__r.KBCExtID__c,KBCard__c,KBCard__c,KBCExtID__c,IE_S-007
2023-01-02  11:33:13.780,a015e00000RpMkvAAF,HierarchyProject__c,HierarchyProject__r.KBCExtID__c,KBCard__c,KBCard__c,KBCExtID__c,SFLL-000006
2023-01-02  11:33:13.780,a015e00000RpMkvAAF,ParentKBCard__c,ParentKBCard__r.KBCExtID__c,KBCard__c,KBCard__c,KBCExtID__c,IE_S-007
2023-01-02  11:33:13.780,a015e00000RpMkwAAF,HierarchyCapability__c,HierarchyCapability__r.KBCExtID__c,KBCard__c,KBCard__c,KBCExtID__c,IE_S-007
2023-01-02  11:33:13.780,a015e00000RpMkwAAF,HierarchyEpic__c,HierarchyEpic__r.KBCExtID__c,KBCard__c,KBCard__c,KBCExtID__c,IESPM-0004
2023-01-02  11:33:13.780,a015e00000RpMkwAAF,HierarchyProject__c,HierarchyProject__r.KBCExtID__c,KBCard__c,KBCard__c,KBCExtID__c,SFLL-000006
2023-01-02  11:33:13.780,a015e00000RpMkwAAF,ParentKBCard__c,ParentKBCard__r.KBCExtID__c,KBCard__c,KBCard__c,KBCExtID__c,IESPM-0004
2023-01-02  11:33:13.780,a015e00000RpMmLAAV,HierarchyCapability__c,HierarchyCapability__r.KBCExtID__c,KBCard__c,KBCard__c,KBCExtID__c,IE_S-007
2023-01-02  11:33:13.780,a015e00000RpMmLAAV,HierarchyEpic__c,HierarchyEpic__r.KBCExtID__c,KBCard__c,KBCard__c,KBCExtID__c,IESPM-0001
2023-01-02  11:33:13.780,a015e00000RpMmLAAV,HierarchyProject__c,HierarchyProject__r.KBCExtID__c,KBCard__c,KBCard__c,KBCExtID__c,SFLL-000006
2023-01-02  11:33:13.780,a015e00000RpMmLAAV,ParentKBCard__c,ParentKBCard__r.KBCExtID__c,KBCard__c,KBCard__c,KBCExtID__c,IESPM-0001
2023-01-02  11:33:13.780,a015e00000RpMmVAAV,HierarchyCapability__c,HierarchyCapability__r.KBCExtID__c,KBCard__c,KBCard__c,KBCExtID__c,IE_S-007
2023-01-02  11:33:13.780,a015e00000RpMmVAAV,HierarchyEpic__c,HierarchyEpic__r.KBCExtID__c,KBCard__c,KBCard__c,KBCExtID__c,IESPM-0003
2023-01-02  11:33:13.780,a015e00000RpMmVAAV,HierarchyProject__c,HierarchyProject__r.KBCExtID__c,KBCard__c,KBCard__c,KBCExtID__c,SFLL-000006
2023-01-02  11:33:13.780,a015e00000RpMmVAAV,ParentKBCard__c,ParentKBCard__r.KBCExtID__c,KBCard__c,KBCard__c,KBCExtID__c,IESPM-0003
2023-01-02  11:33:13.780,a015e00000RpMmWAAV,HierarchyCapability__c,HierarchyCapability__r.KBCExtID__c,KBCard__c,KBCard__c,KBCExtID__c,IE_S-007
2023-01-02  11:33:13.780,a015e00000RpMmWAAV,HierarchyEpic__c,HierarchyEpic__r.KBCExtID__c,KBCard__c,KBCard__c,KBCExtID__c,IESPM-0005
2023-01-02  11:33:13.780,a015e00000RpMmWAAV,HierarchyProject__c,HierarchyProject__r.KBCExtID__c,KBCard__c,KBCard__c,KBCExtID__c,SFLL-000006
2023-01-02  11:33:13.780,a015e00000RpMmWAAV,ParentKBCard__c,ParentKBCard__r.KBCExtID__c,KBCard__c,KBCard__c,KBCExtID__c,IESPM-0005
2023-01-02  11:33:13.780,a015e00000RpMmXAAV,HierarchyCapability__c,HierarchyCapability__r.KBCExtID__c,KBCard__c,KBCard__c,KBCExtID__c,IE_S-007
2023-01-02  11:33:13.780,a015e00000RpMmXAAV,HierarchyEpic__c,HierarchyEpic__r.KBCExtID__c,KBCard__c,KBCard__c,KBCExtID__c,IESPM-0002
2023-01-02  11:33:13.780,a015e00000RpMmXAAV,HierarchyFeature__c,HierarchyFeature__r.KBCExtID__c,KBCard__c,KBCard__c,KBCExtID__c,IESPMF-0002
2023-01-02  11:33:13.780,a015e00000RpMmXAAV,HierarchyProject__c,HierarchyProject__r.KBCExtID__c,KBCard__c,KBCard__c,KBCExtID__c,SFLL-000006
2023-01-02  11:33:13.780,a015e00000RpMmXAAV,ParentKBCard__c,ParentKBCard__r.KBCExtID__c,KBCard__c,KBCard__c,KBCExtID__c,IESPMF-0002
2023-01-02  11:33:13.780,a015e00000RpbM4AAJ,HierarchyCapability__c,HierarchyCapability__r.KBCExtID__c,KBCard__c,KBCard__c,KBCExtID__c,IE_S-007
2023-01-02  11:33:13.780,a015e00000RpbM4AAJ,HierarchyEpic__c,HierarchyEpic__r.KBCExtID__c,KBCard__c,KBCard__c,KBCExtID__c,IESPM-0002
2023-01-02  11:33:13.780,a015e00000RpbM4AAJ,HierarchyFeature__c,HierarchyFeature__r.KBCExtID__c,KBCard__c,KBCard__c,KBCExtID__c,IESPMF-0003
2023-01-02  11:33:13.780,a015e00000RpbM4AAJ,HierarchyProject__c,HierarchyProject__r.KBCExtID__c,KBCard__c,KBCard__c,KBCExtID__c,SFLL-000006
2023-01-02  11:33:13.780,a015e00000RpbM4AAJ,ParentKBCard__c,ParentKBCard__r.KBCExtID__c,KBCard__c,KBCard__c,KBCExtID__c,IESPMF-0003
2023-01-02  11:33:13.780,a015e00000RpbM5AAJ,HierarchyCapability__c,HierarchyCapability__r.KBCExtID__c,KBCard__c,KBCard__c,KBCExtID__c,IE_S-007
2023-01-02  11:33:13.780,a015e00000RpbM5AAJ,HierarchyEpic__c,HierarchyEpic__r.KBCExtID__c,KBCard__c,KBCard__c,KBCExtID__c,IESPM-0002
2023-01-02  11:33:13.780,a015e00000RpbM5AAJ,HierarchyFeature__c,HierarchyFeature__r.KBCExtID__c,KBCard__c,KBCard__c,KBCExtID__c,IESPMF-0003
2023-01-02  11:33:13.780,a015e00000RpbM5AAJ,HierarchyProject__c,HierarchyProject__r.KBCExtID__c,KBCard__c,KBCard__c,KBCExtID__c,SFLL-000006
2023-01-02  11:33:13.780,a015e00000RpbM5AAJ,ParentKBCard__c,ParentKBCard__r.KBCExtID__c,KBCard__c,KBCard__c,KBCExtID__c,IESPMF-0003
2023-01-02  11:33:13.780,a015e00000RpbM6AAJ,HierarchyCapability__c,HierarchyCapability__r.KBCExtID__c,KBCard__c,KBCard__c,KBCExtID__c,IE_S-007
2023-01-02  11:33:13.780,a015e00000RpbM6AAJ,HierarchyEpic__c,HierarchyEpic__r.KBCExtID__c,KBCard__c,KBCard__c,KBCExtID__c,IESPM-0002
2023-01-02  11:33:13.780,a015e00000RpbM6AAJ,HierarchyFeature__c,HierarchyFeature__r.KBCExtID__c,KBCard__c,KBCard__c,KBCExtID__c,IESPMF-0003
2023-01-02  11:33:13.780,a015e00000RpbM6AAJ,HierarchyProject__c,HierarchyProject__r.KBCExtID__c,KBCard__c,KBCard__c,KBCExtID__c,SFLL-000006
2023-01-02  11:33:13.780,a015e00000RpbM6AAJ,ParentKBCard__c,ParentKBCard__r.KBCExtID__c,KBCard__c,KBCard__c,KBCExtID__c,IESPMF-0003
2023-01-02  11:33:13.780,a015e00000RpbPwAAJ,HierarchyCapability__c,HierarchyCapability__r.KBCExtID__c,KBCard__c,KBCard__c,KBCExtID__c,IE_S-007
2023-01-02  11:33:13.780,a015e00000RpbPwAAJ,HierarchyEpic__c,HierarchyEpic__r.KBCExtID__c,KBCard__c,KBCard__c,KBCExtID__c,IESPM-0004
2023-01-02  11:33:13.780,a015e00000RpbPwAAJ,HierarchyFeature__c,HierarchyFeature__r.KBCExtID__c,KBCard__c,KBCard__c,KBCExtID__c,IESPMF-0007
2023-01-02  11:33:13.780,a015e00000RpbPwAAJ,HierarchyProject__c,HierarchyProject__r.KBCExtID__c,KBCard__c,KBCard__c,KBCExtID__c,SFLL-000006
2023-01-02  11:33:13.781,a015e00000RpbPwAAJ,ParentKBCard__c,ParentKBCard__r.KBCExtID__c,KBCard__c,KBCard__c,KBCExtID__c,IESPMF-0007
2023-01-02  11:33:13.781,a015e00000RpbMeAAJ,HierarchyCapability__c,HierarchyCapability__r.KBCExtID__c,KBCard__c,KBCard__c,KBCExtID__c,IE_S-007
2023-01-02  11:33:13.781,a015e00000RpbMeAAJ,HierarchyEpic__c,HierarchyEpic__r.KBCExtID__c,KBCard__c,KBCard__c,KBCExtID__c,IESPM-0006
2023-01-02  11:33:13.781,a015e00000RpbMeAAJ,HierarchyProject__c,HierarchyProject__r.KBCExtID__c,KBCard__c,KBCard__c,KBCExtID__c,SFLL-000006
2023-01-02  11:33:13.781,a015e00000RpbMeAAJ,ParentKBCard__c,ParentKBCard__r.KBCExtID__c,KBCard__c,KBCard__c,KBCExtID__c,IESPM-0006
2023-01-02  11:33:13.781,a015e00000RpbPcAAJ,HierarchyCapability__c,HierarchyCapability__r.KBCExtID__c,KBCard__c,KBCard__c,KBCExtID__c,IE_S-007
2023-01-02  11:33:13.781,a015e00000RpbPcAAJ,HierarchyEpic__c,HierarchyEpic__r.KBCExtID__c,KBCard__c,KBCard__c,KBCExtID__c,IESPM-0003
2023-01-02  11:33:13.781,a015e00000RpbPcAAJ,HierarchyFeature__c,HierarchyFeature__r.KBCExtID__c,KBCard__c,KBCard__c,KBCExtID__c,IESPMF-0004
2023-01-02  11:33:13.781,a015e00000RpbPcAAJ,HierarchyProject__c,HierarchyProject__r.KBCExtID__c,KBCard__c,KBCard__c,KBCExtID__c,SFLL-000006
2023-01-02  11:33:13.781,a015e00000RpbPcAAJ,ParentKBCard__c,ParentKBCard__r.KBCExtID__c,KBCard__c,KBCard__c,KBCExtID__c,IESPMF-0004
2023-01-02  11:33:13.781,a015e00000RpbPdAAJ,HierarchyCapability__c,HierarchyCapability__r.KBCExtID__c,KBCard__c,KBCard__c,KBCExtID__c,IE_S-007
2023-01-02  11:33:13.781,a015e00000RpbPdAAJ,HierarchyEpic__c,HierarchyEpic__r.KBCExtID__c,KBCard__c,KBCard__c,KBCExtID__c,IESPM-0003
2023-01-02  11:33:13.781,a015e00000RpbPdAAJ,HierarchyFeature__c,HierarchyFeature__r.KBCExtID__c,KBCard__c,KBCard__c,KBCExtID__c,IESPMF-0004
2023-01-02  11:33:13.781,a015e00000RpbPdAAJ,HierarchyProject__c,HierarchyProject__r.KBCExtID__c,KBCard__c,KBCard__c,KBCExtID__c,SFLL-000006
2023-01-02  11:33:13.781,a015e00000RpbPdAAJ,ParentKBCard__c,ParentKBCard__r.KBCExtID__c,KBCard__c,KBCard__c,KBCExtID__c,IESPMF-0004
2023-01-02  11:33:13.781,a015e00000RpbPsAAJ,HierarchyCapability__c,HierarchyCapability__r.KBCExtID__c,KBCard__c,KBCard__c,KBCExtID__c,IE_S-007
2023-01-02  11:33:13.781,a015e00000RpbPsAAJ,HierarchyEpic__c,HierarchyEpic__r.KBCExtID__c,KBCard__c,KBCard__c,KBCExtID__c,IESPM-0004
2023-01-02  11:33:13.781,a015e00000RpbPsAAJ,HierarchyFeature__c,HierarchyFeature__r.KBCExtID__c,KBCard__c,KBCard__c,KBCExtID__c,IESPMF-0008
2023-01-02  11:33:13.781,a015e00000RpbPsAAJ,HierarchyProject__c,HierarchyProject__r.KBCExtID__c,KBCard__c,KBCard__c,KBCExtID__c,SFLL-000006
2023-01-02  11:33:13.781,a015e00000RpbPsAAJ,ParentKBCard__c,ParentKBCard__r.KBCExtID__c,KBCard__c,KBCard__c,KBCExtID__c,IESPMF-0008
2023-01-02  11:33:13.781,a015e00000RpbPrAAJ,HierarchyCapability__c,HierarchyCapability__r.KBCExtID__c,KBCard__c,KBCard__c,KBCExtID__c,IE_S-007
2023-01-02  11:33:13.781,a015e00000RpbPrAAJ,HierarchyEpic__c,HierarchyEpic__r.KBCExtID__c,KBCard__c,KBCard__c,KBCExtID__c,IESPM-0003
2023-01-02  11:33:13.781,a015e00000RpbPrAAJ,HierarchyFeature__c,HierarchyFeature__r.KBCExtID__c,KBCard__c,KBCard__c,KBCExtID__c,IESPMF-0005
2023-01-02  11:33:13.781,a015e00000RpbPrAAJ,HierarchyProject__c,HierarchyProject__r.KBCExtID__c,KBCard__c,KBCard__c,KBCExtID__c,SFLL-000006
2023-01-02  11:33:13.781,a015e00000RpbPrAAJ,ParentKBCard__c,ParentKBCard__r.KBCExtID__c,KBCard__c,KBCard__c,KBCExtID__c,IESPMF-0005
2023-01-02  11:33:13.781,a015e00000RpbPNAAZ,HierarchyCapability__c,HierarchyCapability__r.KBCExtID__c,KBCard__c,KBCard__c,KBCExtID__c,IE_S-007
2023-01-02  11:33:13.781,a015e00000RpbPNAAZ,HierarchyEpic__c,HierarchyEpic__r.KBCExtID__c,KBCard__c,KBCard__c,KBCExtID__c,IESPM-0003
2023-01-02  11:33:13.781,a015e00000RpbPNAAZ,HierarchyFeature__c,HierarchyFeature__r.KBCExtID__c,KBCard__c,KBCard__c,KBCExtID__c,IESPMF-0004
2023-01-02  11:33:13.781,a015e00000RpbPNAAZ,HierarchyProject__c,HierarchyProject__r.KBCExtID__c,KBCard__c,KBCard__c,KBCExtID__c,SFLL-000006
2023-01-02  11:33:13.781,a015e00000RpbPNAAZ,ParentKBCard__c,ParentKBCard__r.KBCExtID__c,KBCard__c,KBCard__c,KBCExtID__c,IESPMF-0004
2023-01-02  11:33:13.781,a015e00000RpbPOAAZ,HierarchyCapability__c,HierarchyCapability__r.KBCExtID__c,KBCard__c,KBCard__c,KBCExtID__c,IE_S-007
2023-01-02  11:33:13.781,a015e00000RpbPOAAZ,HierarchyEpic__c,HierarchyEpic__r.KBCExtID__c,KBCard__c,KBCard__c,KBCExtID__c,IESPM-0003
2023-01-02  11:33:13.781,a015e00000RpbPOAAZ,HierarchyFeature__c,HierarchyFeature__r.KBCExtID__c,KBCard__c,KBCard__c,KBCExtID__c,IESPMF-0004
2023-01-02  11:33:13.781,a015e00000RpbPOAAZ,HierarchyProject__c,HierarchyProject__r.KBCExtID__c,KBCard__c,KBCard__c,KBCExtID__c,SFLL-000006
2023-01-02  11:33:13.781,a015e00000RpbPOAAZ,ParentKBCard__c,ParentKBCard__r.KBCExtID__c,KBCard__c,KBCard__c,KBCExtID__c,IESPMF-0004
2023-01-02  11:33:13.781,a015e00000RpbPmAAJ,HierarchyCapability__c,HierarchyCapability__r.KBCExtID__c,KBCard__c,KBCard__c,KBCExtID__c,IE_S-007
2023-01-02  11:33:13.781,a015e00000RpbPmAAJ,HierarchyEpic__c,HierarchyEpic__r.KBCExtID__c,KBCard__c,KBCard__c,KBCExtID__c,IESPM-0003
2023-01-02  11:33:13.781,a015e00000RpbPmAAJ,HierarchyFeature__c,HierarchyFeature__r.KBCExtID__c,KBCard__c,KBCard__c,KBCExtID__c,IESPMF-0004
2023-01-02  11:33:13.781,a015e00000RpbPmAAJ,HierarchyProject__c,HierarchyProject__r.KBCExtID__c,KBCard__c,KBCard__c,KBCExtID__c,SFLL-000006
2023-01-02  11:33:13.781,a015e00000RpbPmAAJ,ParentKBCard__c,ParentKBCard__r.KBCExtID__c,KBCard__c,KBCard__c,KBCExtID__c,IESPMF-0004
2023-01-02  11:33:13.781,a015e00000RpbPnAAJ,HierarchyCapability__c,HierarchyCapability__r.KBCExtID__c,KBCard__c,KBCard__c,KBCExtID__c,IE_S-007
2023-01-02  11:33:13.781,a015e00000RpbPnAAJ,HierarchyEpic__c,HierarchyEpic__r.KBCExtID__c,KBCard__c,KBCard__c,KBCExtID__c,IESPM-0003
2023-01-02  11:33:13.781,a015e00000RpbPnAAJ,HierarchyFeature__c,HierarchyFeature__r.KBCExtID__c,KBCard__c,KBCard__c,KBCExtID__c,IESPMF-0006
2023-01-02  11:33:13.781,a015e00000RpbPnAAJ,HierarchyProject__c,HierarchyProject__r.KBCExtID__c,KBCard__c,KBCard__c,KBCExtID__c,SFLL-000006
2023-01-02  11:33:13.781,a015e00000RpbPnAAJ,ParentKBCard__c,ParentKBCard__r.KBCExtID__c,KBCard__c,KBCard__c,KBCExtID__c,IESPMF-0006
2023-01-02  11:33:13.781,a015e00000U1V2CAAV,HierarchyCapability__c,HierarchyCapability__r.KBCExtID__c,KBCard__c,KBCard__c,KBCExtID__c,IE_S-001
2023-01-02  11:33:13.781,a015e00000U1V2CAAV,HierarchyEpic__c,HierarchyEpic__r.KBCExtID__c,KBCard__c,KBCard__c,KBCExtID__c,EPC00000087
2023-01-02  11:33:13.781,a015e00000U1V2CAAV,HierarchyProject__c,HierarchyProject__r.KBCExtID__c,KBCard__c,KBCard__c,KBCExtID__c,SFLL-000006
2023-01-02  11:33:13.782,a015e00000U1V2CAAV,ParentKBCard__c,ParentKBCard__r.KBCExtID__c,KBCard__c,KBCard__c,KBCExtID__c,EPC00000087
2023-01-02  11:33:13.782,a015e00000U1V2DAAV,HierarchyCapability__c,HierarchyCapability__r.KBCExtID__c,KBCard__c,KBCard__c,KBCExtID__c,IE_S-001
2023-01-02  11:33:13.782,a015e00000U1V2DAAV,HierarchyEpic__c,HierarchyEpic__r.KBCExtID__c,KBCard__c,KBCard__c,KBCExtID__c,EPC00000084
2023-01-02  11:33:13.782,a015e00000U1V2DAAV,HierarchyFeature__c,HierarchyFeature__r.KBCExtID__c,KBCard__c,KBCard__c,KBCExtID__c,FEA00000090
2023-01-02  11:33:13.782,a015e00000U1V2DAAV,HierarchyProject__c,HierarchyProject__r.KBCExtID__c,KBCard__c,KBCard__c,KBCExtID__c,SFLL-000006
2023-01-02  11:33:13.782,a015e00000U1V2DAAV,ParentKBCard__c,ParentKBCard__r.KBCExtID__c,KBCard__c,KBCard__c,KBCExtID__c,FEA00000090
